example_id,example_name,category,prompt,layer,readout,position,source_token,top1_token,rank
example_001,amazon-language,multihop,Fact: The language spoken in the country where the Amazon River ends is ,0,jacobian_lens,0,Fact, Fact,0
example_001,amazon-language,multihop,Fact: The language spoken in the country where the Amazon River ends is ,0,jacobian_lens,1,:,colon,61
example_001,amazon-language,multihop,Fact: The language spoken in the country where the Amazon River ends is ,0,jacobian_lens,2, The,e,0
example_001,amazon-language,multihop,Fact: The language spoken in the country where the Amazon River ends is ,0,jacobian_lens,3, language, language,0
example_001,amazon-language,multihop,Fact: The language spoken in the country where the Amazon River ends is ,0,jacobian_lens,4, spoken, spoken,0
example_001,amazon-language,multihop,Fact: The language spoken in the country where the Amazon River ends is ,0,jacobian_lens,5, in, place,0
example_001,amazon-language,multihop,Fact: The language spoken in the country where the Amazon River ends is ,0,jacobian_lens,6, the, Americans,2
example_001,amazon-language,multihop,Fact: The language spoken in the country where the Amazon River ends is ,0,jacobian_lens,7, country, Country,0
example_001,amazon-language,multihop,Fact: The language spoken in the country where the Amazon River ends is ,0,jacobian_lens,8, where, where,0
example_001,amazon-language,multihop,Fact: The language spoken in the country where the Amazon River ends is ,0,jacobian_lens,9, the,e,0
example_001,amazon-language,multihop,Fact: The language spoken in the country where the Amazon River ends is ,0,jacobian_lens,10, Amazon, Amazon,0
example_001,amazon-language,multihop,Fact: The language spoken in the country where the Amazon River ends is ,0,jacobian_lens,11, River, River,0
example_001,amazon-language,multihop,Fact: The language spoken in the country where the Amazon River ends is ,0,jacobian_lens,12, ends, Ends,0
example_001,amazon-language,multihop,Fact: The language spoken in the country where the Amazon River ends is ,0,jacobian_lens,13, is, being,0
example_001,amazon-language,multihop,Fact: The language spoken in the country where the Amazon River ends is ,0,jacobian_lens,14, ,sea,0
example_001,amazon-language,multihop,Fact: The language spoken in the country where the Amazon River ends is ,1,jacobian_lens,0,Fact, Fact,0
example_001,amazon-language,multihop,Fact: The language spoken in the country where the Amazon River ends is ,1,jacobian_lens,1,:,flu,29
example_001,amazon-language,multihop,Fact: The language spoken in the country where the Amazon River ends is ,1,jacobian_lens,2, The, Crown,0
example_001,amazon-language,multihop,Fact: The language spoken in the country where the Amazon River ends is ,1,jacobian_lens,3, language, language,0
example_001,amazon-language,multihop,Fact: The language spoken in the country where the Amazon River ends is ,1,jacobian_lens,4, spoken, spoken,0
example_001,amazon-language,multihop,Fact: The language spoken in the country where the Amazon River ends is ,1,jacobian_lens,5, in, place,3
example_001,amazon-language,multihop,Fact: The language spoken in the country where the Amazon River ends is ,1,jacobian_lens,6, the, south,0
example_001,amazon-language,multihop,Fact: The language spoken in the country where the Amazon River ends is ,1,jacobian_lens,7, country, country,0
example_001,amazon-language,multihop,Fact: The language spoken in the country where the Amazon River ends is ,1,jacobian_lens,8, where, where,0
example_001,amazon-language,multihop,Fact: The language spoken in the country where the Amazon River ends is ,1,jacobian_lens,9, the, sea,0
example_001,amazon-language,multihop,Fact: The language spoken in the country where the Amazon River ends is ,1,jacobian_lens,10, Amazon, Amazon,0
example_001,amazon-language,multihop,Fact: The language spoken in the country where the Amazon River ends is ,1,jacobian_lens,11, River, River,0
example_001,amazon-language,multihop,Fact: The language spoken in the country where the Amazon River ends is ,1,jacobian_lens,12, ends, Ends,5
example_001,amazon-language,multihop,Fact: The language spoken in the country where the Amazon River ends is ,1,jacobian_lens,13, is, being,0
example_001,amazon-language,multihop,Fact: The language spoken in the country where the Amazon River ends is ,1,jacobian_lens,14, ,sea,0
example_001,amazon-language,multihop,Fact: The language spoken in the country where the Amazon River ends is ,2,jacobian_lens,0,Fact, Fact,0
example_001,amazon-language,multihop,Fact: The language spoken in the country where the Amazon River ends is ,2,jacobian_lens,1,:,黄花,10
example_001,amazon-language,multihop,Fact: The language spoken in the country where the Amazon River ends is ,2,jacobian_lens,2, The, Forest,0
example_001,amazon-language,multihop,Fact: The language spoken in the country where the Amazon River ends is ,2,jacobian_lens,3, language, language,0
example_001,amazon-language,multihop,Fact: The language spoken in the country where the Amazon River ends is ,2,jacobian_lens,4, spoken, spoken,0
example_001,amazon-language,multihop,Fact: The language spoken in the country where the Amazon River ends is ,2,jacobian_lens,5, in, place,3
example_001,amazon-language,multihop,Fact: The language spoken in the country where the Amazon River ends is ,2,jacobian_lens,6, the, place,1
example_001,amazon-language,multihop,Fact: The language spoken in the country where the Amazon River ends is ,2,jacobian_lens,7, country, country,0
example_001,amazon-language,multihop,Fact: The language spoken in the country where the Amazon River ends is ,2,jacobian_lens,8, where, where,0
example_001,amazon-language,multihop,Fact: The language spoken in the country where the Amazon River ends is ,2,jacobian_lens,9, the, people,0
example_001,amazon-language,multihop,Fact: The language spoken in the country where the Amazon River ends is ,2,jacobian_lens,10, Amazon, Amazon,0
example_001,amazon-language,multihop,Fact: The language spoken in the country where the Amazon River ends is ,2,jacobian_lens,11, River, River,0
example_001,amazon-language,multihop,Fact: The language spoken in the country where the Amazon River ends is ,2,jacobian_lens,12, ends, ending,0
example_001,amazon-language,multihop,Fact: The language spoken in the country where the Amazon River ends is ,2,jacobian_lens,13, is, being,2
example_001,amazon-language,multihop,Fact: The language spoken in the country where the Amazon River ends is ,2,jacobian_lens,14, , sea,1
example_001,amazon-language,multihop,Fact: The language spoken in the country where the Amazon River ends is ,3,jacobian_lens,0,Fact, Fact,0
example_001,amazon-language,multihop,Fact: The language spoken in the country where the Amazon River ends is ,3,jacobian_lens,1,:, NYT,24
example_001,amazon-language,multihop,Fact: The language spoken in the country where the Amazon River ends is ,3,jacobian_lens,2, The, Forest,0
example_001,amazon-language,multihop,Fact: The language spoken in the country where the Amazon River ends is ,3,jacobian_lens,3, language, language,0
example_001,amazon-language,multihop,Fact: The language spoken in the country where the Amazon River ends is ,3,jacobian_lens,4, spoken, spoken,0
example_001,amazon-language,multihop,Fact: The language spoken in the country where the Amazon River ends is ,3,jacobian_lens,5, in, place,6
example_001,amazon-language,multihop,Fact: The language spoken in the country where the Amazon River ends is ,3,jacobian_lens,6, the, families,11
example_001,amazon-language,multihop,Fact: The language spoken in the country where the Amazon River ends is ,3,jacobian_lens,7, country, country,0
example_001,amazon-language,multihop,Fact: The language spoken in the country where the Amazon River ends is ,3,jacobian_lens,8, where, where,0
example_001,amazon-language,multihop,Fact: The language spoken in the country where the Amazon River ends is ,3,jacobian_lens,9, the, people,1
example_001,amazon-language,multihop,Fact: The language spoken in the country where the Amazon River ends is ,3,jacobian_lens,10, Amazon, Amazon,0
example_001,amazon-language,multihop,Fact: The language spoken in the country where the Amazon River ends is ,3,jacobian_lens,11, River, River,0
example_001,amazon-language,multihop,Fact: The language spoken in the country where the Amazon River ends is ,3,jacobian_lens,12, ends, ending,9
example_001,amazon-language,multihop,Fact: The language spoken in the country where the Amazon River ends is ,3,jacobian_lens,13, is, being,1
example_001,amazon-language,multihop,Fact: The language spoken in the country where the Amazon River ends is ,3,jacobian_lens,14, , sea,4
example_001,amazon-language,multihop,Fact: The language spoken in the country where the Amazon River ends is ,4,jacobian_lens,0,Fact, Fact,0
example_001,amazon-language,multihop,Fact: The language spoken in the country where the Amazon River ends is ,4,jacobian_lens,1,:, NYT,17
example_001,amazon-language,multihop,Fact: The language spoken in the country where the Amazon River ends is ,4,jacobian_lens,2, The, Crown,3
example_001,amazon-language,multihop,Fact: The language spoken in the country where the Amazon River ends is ,4,jacobian_lens,3, language, language,0
example_001,amazon-language,multihop,Fact: The language spoken in the country where the Amazon River ends is ,4,jacobian_lens,4, spoken, spoken,0
example_001,amazon-language,multihop,Fact: The language spoken in the country where the Amazon River ends is ,4,jacobian_lens,5, in, Iraq,1
example_001,amazon-language,multihop,Fact: The language spoken in the country where the Amazon River ends is ,4,jacobian_lens,6, the, Iraq,1
example_001,amazon-language,multihop,Fact: The language spoken in the country where the Amazon River ends is ,4,jacobian_lens,7, country, country,0
example_001,amazon-language,multihop,Fact: The language spoken in the country where the Amazon River ends is ,4,jacobian_lens,8, where, where,0
example_001,amazon-language,multihop,Fact: The language spoken in the country where the Amazon River ends is ,4,jacobian_lens,9, the, people,0
example_001,amazon-language,multihop,Fact: The language spoken in the country where the Amazon River ends is ,4,jacobian_lens,10, Amazon, Amazon,0
example_001,amazon-language,multihop,Fact: The language spoken in the country where the Amazon River ends is ,4,jacobian_lens,11, River, River,0
example_001,amazon-language,multihop,Fact: The language spoken in the country where the Amazon River ends is ,4,jacobian_lens,12, ends, ends,2
example_001,amazon-language,multihop,Fact: The language spoken in the country where the Amazon River ends is ,4,jacobian_lens,13, is, being,3
example_001,amazon-language,multihop,Fact: The language spoken in the country where the Amazon River ends is ,4,jacobian_lens,14, , sea,0
example_001,amazon-language,multihop,Fact: The language spoken in the country where the Amazon River ends is ,5,jacobian_lens,0,Fact, Fact,0
example_001,amazon-language,multihop,Fact: The language spoken in the country where the Amazon River ends is ,5,jacobian_lens,1,:, Fact,9
example_001,amazon-language,multihop,Fact: The language spoken in the country where the Amazon River ends is ,5,jacobian_lens,2, The, Crown,0
example_001,amazon-language,multihop,Fact: The language spoken in the country where the Amazon River ends is ,5,jacobian_lens,3, language, language,0
example_001,amazon-language,multihop,Fact: The language spoken in the country where the Amazon River ends is ,5,jacobian_lens,4, spoken, spoken,0
example_001,amazon-language,multihop,Fact: The language spoken in the country where the Amazon River ends is ,5,jacobian_lens,5, in, Iraq,1
example_001,amazon-language,multihop,Fact: The language spoken in the country where the Amazon River ends is ,5,jacobian_lens,6, the, tribes,0
example_001,amazon-language,multihop,Fact: The language spoken in the country where the Amazon River ends is ,5,jacobian_lens,7, country, country,0
example_001,amazon-language,multihop,Fact: The language spoken in the country where the Amazon River ends is ,5,jacobian_lens,8, where, where,0
example_001,amazon-language,multihop,Fact: The language spoken in the country where the Amazon River ends is ,5,jacobian_lens,9, the, people,0
example_001,amazon-language,multihop,Fact: The language spoken in the country where the Amazon River ends is ,5,jacobian_lens,10, Amazon, Amazon,0
example_001,amazon-language,multihop,Fact: The language spoken in the country where the Amazon River ends is ,5,jacobian_lens,11, River, River,0
example_001,amazon-language,multihop,Fact: The language spoken in the country where the Amazon River ends is ,5,jacobian_lens,12, ends, ending,2
example_001,amazon-language,multihop,Fact: The language spoken in the country where the Amazon River ends is ,5,jacobian_lens,13, is, river,0
example_001,amazon-language,multihop,Fact: The language spoken in the country where the Amazon River ends is ,5,jacobian_lens,14, , sea,0
example_001,amazon-language,multihop,Fact: The language spoken in the country where the Amazon River ends is ,6,jacobian_lens,0,Fact, itself,0
example_001,amazon-language,multihop,Fact: The language spoken in the country where the Amazon River ends is ,6,jacobian_lens,1,:, Fact,2
example_001,amazon-language,multihop,Fact: The language spoken in the country where the Amazon River ends is ,6,jacobian_lens,2, The, Crown,0
example_001,amazon-language,multihop,Fact: The language spoken in the country where the Amazon River ends is ,6,jacobian_lens,3, language, language,0
example_001,amazon-language,multihop,Fact: The language spoken in the country where the Amazon River ends is ,6,jacobian_lens,4, spoken, spoken,0
example_001,amazon-language,multihop,Fact: The language spoken in the country where the Amazon River ends is ,6,jacobian_lens,5, in, town,0
example_001,amazon-language,multihop,Fact: The language spoken in the country where the Amazon River ends is ,6,jacobian_lens,6, the, region,0
example_001,amazon-language,multihop,Fact: The language spoken in the country where the Amazon River ends is ,6,jacobian_lens,7, country, country,0
example_001,amazon-language,multihop,Fact: The language spoken in the country where the Amazon River ends is ,6,jacobian_lens,8, where, where,0
example_001,amazon-language,multihop,Fact: The language spoken in the country where the Amazon River ends is ,6,jacobian_lens,9, the, people,0
example_001,amazon-language,multihop,Fact: The language spoken in the country where the Amazon River ends is ,6,jacobian_lens,10, Amazon, Amazon,0
example_001,amazon-language,multihop,Fact: The language spoken in the country where the Amazon River ends is ,6,jacobian_lens,11, River, River,0
example_001,amazon-language,multihop,Fact: The language spoken in the country where the Amazon River ends is ,6,jacobian_lens,12, ends, ending,1
example_001,amazon-language,multihop,Fact: The language spoken in the country where the Amazon River ends is ,6,jacobian_lens,13, is, islands,0
example_001,amazon-language,multihop,Fact: The language spoken in the country where the Amazon River ends is ,6,jacobian_lens,14, , sea,0
example_001,amazon-language,multihop,Fact: The language spoken in the country where the Amazon River ends is ,7,jacobian_lens,0,Fact, Fact,0
example_001,amazon-language,multihop,Fact: The language spoken in the country where the Amazon River ends is ,7,jacobian_lens,1,:, Fact,1
example_001,amazon-language,multihop,Fact: The language spoken in the country where the Amazon River ends is ,7,jacobian_lens,2, The, Crown,0
example_001,amazon-language,multihop,Fact: The language spoken in the country where the Amazon River ends is ,7,jacobian_lens,3, language, language,0
example_001,amazon-language,multihop,Fact: The language spoken in the country where the Amazon River ends is ,7,jacobian_lens,4, spoken, spoken,0
example_001,amazon-language,multihop,Fact: The language spoken in the country where the Amazon River ends is ,7,jacobian_lens,5, in, town,0
example_001,amazon-language,multihop,Fact: The language spoken in the country where the Amazon River ends is ,7,jacobian_lens,6, the, region,0
example_001,amazon-language,multihop,Fact: The language spoken in the country where the Amazon River ends is ,7,jacobian_lens,7, country, country,0
example_001,amazon-language,multihop,Fact: The language spoken in the country where the Amazon River ends is ,7,jacobian_lens,8, where, countries,0
example_001,amazon-language,multihop,Fact: The language spoken in the country where the Amazon River ends is ,7,jacobian_lens,9, the, people,1
example_001,amazon-language,multihop,Fact: The language spoken in the country where the Amazon River ends is ,7,jacobian_lens,10, Amazon, Amazon,0
example_001,amazon-language,multihop,Fact: The language spoken in the country where the Amazon River ends is ,7,jacobian_lens,11, River, River,0
example_001,amazon-language,multihop,Fact: The language spoken in the country where the Amazon River ends is ,7,jacobian_lens,12, ends,终点,0
example_001,amazon-language,multihop,Fact: The language spoken in the country where the Amazon River ends is ,7,jacobian_lens,13, is, cities,0
example_001,amazon-language,multihop,Fact: The language spoken in the country where the Amazon River ends is ,7,jacobian_lens,14, , sea,0
example_001,amazon-language,multihop,Fact: The language spoken in the country where the Amazon River ends is ,8,jacobian_lens,0,Fact,adro,0
example_001,amazon-language,multihop,Fact: The language spoken in the country where the Amazon River ends is ,8,jacobian_lens,1,:, Fact,0
example_001,amazon-language,multihop,Fact: The language spoken in the country where the Amazon River ends is ,8,jacobian_lens,2, The, Crown,1
example_001,amazon-language,multihop,Fact: The language spoken in the country where the Amazon River ends is ,8,jacobian_lens,3, language, language,0
example_001,amazon-language,multihop,Fact: The language spoken in the country where the Amazon River ends is ,8,jacobian_lens,4, spoken, spoken,0
example_001,amazon-language,multihop,Fact: The language spoken in the country where the Amazon River ends is ,8,jacobian_lens,5, in, town,0
example_001,amazon-language,multihop,Fact: The language spoken in the country where the Amazon River ends is ,8,jacobian_lens,6, the, region,0
example_001,amazon-language,multihop,Fact: The language spoken in the country where the Amazon River ends is ,8,jacobian_lens,7, country, country,0
example_001,amazon-language,multihop,Fact: The language spoken in the country where the Amazon River ends is ,8,jacobian_lens,8, where, Australia,0
example_001,amazon-language,multihop,Fact: The language spoken in the country where the Amazon River ends is ,8,jacobian_lens,9, the, Africans,0
example_001,amazon-language,multihop,Fact: The language spoken in the country where the Amazon River ends is ,8,jacobian_lens,10, Amazon, Amazon,0
example_001,amazon-language,multihop,Fact: The language spoken in the country where the Amazon River ends is ,8,jacobian_lens,11, River, River,0
example_001,amazon-language,multihop,Fact: The language spoken in the country where the Amazon River ends is ,8,jacobian_lens,12, ends,终点,0
example_001,amazon-language,multihop,Fact: The language spoken in the country where the Amazon River ends is ,8,jacobian_lens,13, is, cities,0
example_001,amazon-language,multihop,Fact: The language spoken in the country where the Amazon River ends is ,8,jacobian_lens,14, , sea,0
example_001,amazon-language,multihop,Fact: The language spoken in the country where the Amazon River ends is ,9,jacobian_lens,0,Fact, Property,0
example_001,amazon-language,multihop,Fact: The language spoken in the country where the Amazon River ends is ,9,jacobian_lens,1,:, Facts,0
example_001,amazon-language,multihop,Fact: The language spoken in the country where the Amazon River ends is ,9,jacobian_lens,2, The, Science,1
example_001,amazon-language,multihop,Fact: The language spoken in the country where the Amazon River ends is ,9,jacobian_lens,3, language, language,0
example_001,amazon-language,multihop,Fact: The language spoken in the country where the Amazon River ends is ,9,jacobian_lens,4, spoken, spoken,0
example_001,amazon-language,multihop,Fact: The language spoken in the country where the Amazon River ends is ,9,jacobian_lens,5, in, town,0
example_001,amazon-language,multihop,Fact: The language spoken in the country where the Amazon River ends is ,9,jacobian_lens,6, the, region,0
example_001,amazon-language,multihop,Fact: The language spoken in the country where the Amazon River ends is ,9,jacobian_lens,7, country, country,0
example_001,amazon-language,multihop,Fact: The language spoken in the country where the Amazon River ends is ,9,jacobian_lens,8, where, Australia,0
example_001,amazon-language,multihop,Fact: The language spoken in the country where the Amazon River ends is ,9,jacobian_lens,9, the, Americans,0
example_001,amazon-language,multihop,Fact: The language spoken in the country where the Amazon River ends is ,9,jacobian_lens,10, Amazon, Amazon,0
example_001,amazon-language,multihop,Fact: The language spoken in the country where the Amazon River ends is ,9,jacobian_lens,11, River, River,0
example_001,amazon-language,multihop,Fact: The language spoken in the country where the Amazon River ends is ,9,jacobian_lens,12, ends,终点,2
example_001,amazon-language,multihop,Fact: The language spoken in the country where the Amazon River ends is ,9,jacobian_lens,13, is, continent,0
example_001,amazon-language,multihop,Fact: The language spoken in the country where the Amazon River ends is ,9,jacobian_lens,14, , sea,0
example_001,amazon-language,multihop,Fact: The language spoken in the country where the Amazon River ends is ,10,jacobian_lens,0,Fact,eur,0
example_001,amazon-language,multihop,Fact: The language spoken in the country where the Amazon River ends is ,10,jacobian_lens,1,:, Facts,1
example_001,amazon-language,multihop,Fact: The language spoken in the country where the Amazon River ends is ,10,jacobian_lens,2, The, People,1
example_001,amazon-language,multihop,Fact: The language spoken in the country where the Amazon River ends is ,10,jacobian_lens,3, language, language,0
example_001,amazon-language,multihop,Fact: The language spoken in the country where the Amazon River ends is ,10,jacobian_lens,4, spoken, spoken,0
example_001,amazon-language,multihop,Fact: The language spoken in the country where the Amazon River ends is ,10,jacobian_lens,5, in, town,0
example_001,amazon-language,multihop,Fact: The language spoken in the country where the Amazon River ends is ,10,jacobian_lens,6, the, region,0
example_001,amazon-language,multihop,Fact: The language spoken in the country where the Amazon River ends is ,10,jacobian_lens,7, country, country,0
example_001,amazon-language,multihop,Fact: The language spoken in the country where the Amazon River ends is ,10,jacobian_lens,8, where, Australia,0
example_001,amazon-language,multihop,Fact: The language spoken in the country where the Amazon River ends is ,10,jacobian_lens,9, the, Americans,5
example_001,amazon-language,multihop,Fact: The language spoken in the country where the Amazon River ends is ,10,jacobian_lens,10, Amazon, Amazon,0
example_001,amazon-language,multihop,Fact: The language spoken in the country where the Amazon River ends is ,10,jacobian_lens,11, River, River,0
example_001,amazon-language,multihop,Fact: The language spoken in the country where the Amazon River ends is ,10,jacobian_lens,12, ends,终点,2
example_001,amazon-language,multihop,Fact: The language spoken in the country where the Amazon River ends is ,10,jacobian_lens,13, is, cities,1
example_001,amazon-language,multihop,Fact: The language spoken in the country where the Amazon River ends is ,10,jacobian_lens,14, , sea,1
example_001,amazon-language,multihop,Fact: The language spoken in the country where the Amazon River ends is ,11,jacobian_lens,0,Fact, Fact,1
example_001,amazon-language,multihop,Fact: The language spoken in the country where the Amazon River ends is ,11,jacobian_lens,1,:, Facts,0
example_001,amazon-language,multihop,Fact: The language spoken in the country where the Amazon River ends is ,11,jacobian_lens,2, The, British,2
example_001,amazon-language,multihop,Fact: The language spoken in the country where the Amazon River ends is ,11,jacobian_lens,3, language, language,0
example_001,amazon-language,multihop,Fact: The language spoken in the country where the Amazon River ends is ,11,jacobian_lens,4, spoken, spoken,0
example_001,amazon-language,multihop,Fact: The language spoken in the country where the Amazon River ends is ,11,jacobian_lens,5, in, town,0
example_001,amazon-language,multihop,Fact: The language spoken in the country where the Amazon River ends is ,11,jacobian_lens,6, the, region,0
example_001,amazon-language,multihop,Fact: The language spoken in the country where the Amazon River ends is ,11,jacobian_lens,7, country, country,0
example_001,amazon-language,multihop,Fact: The language spoken in the country where the Amazon River ends is ,11,jacobian_lens,8, where, Australia,0
example_001,amazon-language,multihop,Fact: The language spoken in the country where the Amazon River ends is ,11,jacobian_lens,9, the, Americans,4
example_001,amazon-language,multihop,Fact: The language spoken in the country where the Amazon River ends is ,11,jacobian_lens,10, Amazon,雨林,0
example_001,amazon-language,multihop,Fact: The language spoken in the country where the Amazon River ends is ,11,jacobian_lens,11, River, River,0
example_001,amazon-language,multihop,Fact: The language spoken in the country where the Amazon River ends is ,11,jacobian_lens,12, ends,终点,0
example_001,amazon-language,multihop,Fact: The language spoken in the country where the Amazon River ends is ,11,jacobian_lens,13, is, indigenous,1
example_001,amazon-language,multihop,Fact: The language spoken in the country where the Amazon River ends is ,11,jacobian_lens,14, , sea,1
example_001,amazon-language,multihop,Fact: The language spoken in the country where the Amazon River ends is ,12,jacobian_lens,0,Fact, Fact,0
example_001,amazon-language,multihop,Fact: The language spoken in the country where the Amazon River ends is ,12,jacobian_lens,1,:, Fact,0
example_001,amazon-language,multihop,Fact: The language spoken in the country where the Amazon River ends is ,12,jacobian_lens,2, The, British,2
example_001,amazon-language,multihop,Fact: The language spoken in the country where the Amazon River ends is ,12,jacobian_lens,3, language, language,0
example_001,amazon-language,multihop,Fact: The language spoken in the country where the Amazon River ends is ,12,jacobian_lens,4, spoken, spoken,0
example_001,amazon-language,multihop,Fact: The language spoken in the country where the Amazon River ends is ,12,jacobian_lens,5, in, Iraq,0
example_001,amazon-language,multihop,Fact: The language spoken in the country where the Amazon River ends is ,12,jacobian_lens,6, the, region,0
example_001,amazon-language,multihop,Fact: The language spoken in the country where the Amazon River ends is ,12,jacobian_lens,7, country, country,0
example_001,amazon-language,multihop,Fact: The language spoken in the country where the Amazon River ends is ,12,jacobian_lens,8, where, Australia,0
example_001,amazon-language,multihop,Fact: The language spoken in the country where the Amazon River ends is ,12,jacobian_lens,9, the, race,0
example_001,amazon-language,multihop,Fact: The language spoken in the country where the Amazon River ends is ,12,jacobian_lens,10, Amazon, Amazon,0
example_001,amazon-language,multihop,Fact: The language spoken in the country where the Amazon River ends is ,12,jacobian_lens,11, River, River,0
example_001,amazon-language,multihop,Fact: The language spoken in the country where the Amazon River ends is ,12,jacobian_lens,12, ends, terminates,9
example_001,amazon-language,multihop,Fact: The language spoken in the country where the Amazon River ends is ,12,jacobian_lens,13, is, indigenous,3
example_001,amazon-language,multihop,Fact: The language spoken in the country where the Amazon River ends is ,12,jacobian_lens,14, , million,2
example_001,amazon-language,multihop,Fact: The language spoken in the country where the Amazon River ends is ,13,jacobian_lens,0,Fact, Fact,0
example_001,amazon-language,multihop,Fact: The language spoken in the country where the Amazon River ends is ,13,jacobian_lens,1,:, Fact,0
example_001,amazon-language,multihop,Fact: The language spoken in the country where the Amazon River ends is ,13,jacobian_lens,2, The, Museum,1
example_001,amazon-language,multihop,Fact: The language spoken in the country where the Amazon River ends is ,13,jacobian_lens,3, language, language,0
example_001,amazon-language,multihop,Fact: The language spoken in the country where the Amazon River ends is ,13,jacobian_lens,4, spoken, spoken,0
example_001,amazon-language,multihop,Fact: The language spoken in the country where the Amazon River ends is ,13,jacobian_lens,5, in, Iraq,0
example_001,amazon-language,multihop,Fact: The language spoken in the country where the Amazon River ends is ,13,jacobian_lens,6, the, region,0
example_001,amazon-language,multihop,Fact: The language spoken in the country where the Amazon River ends is ,13,jacobian_lens,7, country, country,0
example_001,amazon-language,multihop,Fact: The language spoken in the country where the Amazon River ends is ,13,jacobian_lens,8, where, UNESCO,1
example_001,amazon-language,multihop,Fact: The language spoken in the country where the Amazon River ends is ,13,jacobian_lens,9, the, country,4
example_001,amazon-language,multihop,Fact: The language spoken in the country where the Amazon River ends is ,13,jacobian_lens,10, Amazon,雨林,0
example_001,amazon-language,multihop,Fact: The language spoken in the country where the Amazon River ends is ,13,jacobian_lens,11, River, River,0
example_001,amazon-language,multihop,Fact: The language spoken in the country where the Amazon River ends is ,13,jacobian_lens,12, ends, terminates,1
example_001,amazon-language,multihop,Fact: The language spoken in the country where the Amazon River ends is ,13,jacobian_lens,13, is, Spanish,3
example_001,amazon-language,multihop,Fact: The language spoken in the country where the Amazon River ends is ,13,jacobian_lens,14, , million,1
example_001,amazon-language,multihop,Fact: The language spoken in the country where the Amazon River ends is ,14,jacobian_lens,0,Fact,dpa,0
example_001,amazon-language,multihop,Fact: The language spoken in the country where the Amazon River ends is ,14,jacobian_lens,1,:, Facts,0
example_001,amazon-language,multihop,Fact: The language spoken in the country where the Amazon River ends is ,14,jacobian_lens,2, The, Tree,0
example_001,amazon-language,multihop,Fact: The language spoken in the country where the Amazon River ends is ,14,jacobian_lens,3, language, language,0
example_001,amazon-language,multihop,Fact: The language spoken in the country where the Amazon River ends is ,14,jacobian_lens,4, spoken, spoken,0
example_001,amazon-language,multihop,Fact: The language spoken in the country where the Amazon River ends is ,14,jacobian_lens,5, in, Vietnam,0
example_001,amazon-language,multihop,Fact: The language spoken in the country where the Amazon River ends is ,14,jacobian_lens,6, the, region,0
example_001,amazon-language,multihop,Fact: The language spoken in the country where the Amazon River ends is ,14,jacobian_lens,7, country, Country,0
example_001,amazon-language,multihop,Fact: The language spoken in the country where the Amazon River ends is ,14,jacobian_lens,8, where, UNESCO,3
example_001,amazon-language,multihop,Fact: The language spoken in the country where the Amazon River ends is ,14,jacobian_lens,9, the, presidents,0
example_001,amazon-language,multihop,Fact: The language spoken in the country where the Amazon River ends is ,14,jacobian_lens,10, Amazon,雨林,0
example_001,amazon-language,multihop,Fact: The language spoken in the country where the Amazon River ends is ,14,jacobian_lens,11, River, River,0
example_001,amazon-language,multihop,Fact: The language spoken in the country where the Amazon River ends is ,14,jacobian_lens,12, ends, terminates,5
example_001,amazon-language,multihop,Fact: The language spoken in the country where the Amazon River ends is ,14,jacobian_lens,13, is,叫什么,6
example_001,amazon-language,multihop,Fact: The language spoken in the country where the Amazon River ends is ,14,jacobian_lens,14, ,7,1
example_001,amazon-language,multihop,Fact: The language spoken in the country where the Amazon River ends is ,15,jacobian_lens,0,Fact, Fact,0
example_001,amazon-language,multihop,Fact: The language spoken in the country where the Amazon River ends is ,15,jacobian_lens,1,:, Fact,0
example_001,amazon-language,multihop,Fact: The language spoken in the country where the Amazon River ends is ,15,jacobian_lens,2, The, University,0
example_001,amazon-language,multihop,Fact: The language spoken in the country where the Amazon River ends is ,15,jacobian_lens,3, language, language,0
example_001,amazon-language,multihop,Fact: The language spoken in the country where the Amazon River ends is ,15,jacobian_lens,4, spoken, by,0
example_001,amazon-language,multihop,Fact: The language spoken in the country where the Amazon River ends is ,15,jacobian_lens,5, in, Vietnam,0
example_001,amazon-language,multihop,Fact: The language spoken in the country where the Amazon River ends is ,15,jacobian_lens,6, the, Kingdom,0
example_001,amazon-language,multihop,Fact: The language spoken in the country where the Amazon River ends is ,15,jacobian_lens,7, country, countries,2
example_001,amazon-language,multihop,Fact: The language spoken in the country where the Amazon River ends is ,15,jacobian_lens,8, where, Australia,0
example_001,amazon-language,multihop,Fact: The language spoken in the country where the Amazon River ends is ,15,jacobian_lens,9, the, dinosaurs,0
example_001,amazon-language,multihop,Fact: The language spoken in the country where the Amazon River ends is ,15,jacobian_lens,10, Amazon,雨林,0
example_001,amazon-language,multihop,Fact: The language spoken in the country where the Amazon River ends is ,15,jacobian_lens,11, River, River,0
example_001,amazon-language,multihop,Fact: The language spoken in the country where the Amazon River ends is ,15,jacobian_lens,12, ends, is,23
example_001,amazon-language,multihop,Fact: The language spoken in the country where the Amazon River ends is ,15,jacobian_lens,13, is,叫什么,21
example_001,amazon-language,multihop,Fact: The language spoken in the country where the Amazon River ends is ,15,jacobian_lens,14, ,7,1
example_001,amazon-language,multihop,Fact: The language spoken in the country where the Amazon River ends is ,16,jacobian_lens,0,Fact, Fact,0
example_001,amazon-language,multihop,Fact: The language spoken in the country where the Amazon River ends is ,16,jacobian_lens,1,:, Humans,0
example_001,amazon-language,multihop,Fact: The language spoken in the country where the Amazon River ends is ,16,jacobian_lens,2, The, University,0
example_001,amazon-language,multihop,Fact: The language spoken in the country where the Amazon River ends is ,16,jacobian_lens,3, language, language,0
example_001,amazon-language,multihop,Fact: The language spoken in the country where the Amazon River ends is ,16,jacobian_lens,4, spoken, languages,0
example_001,amazon-language,multihop,Fact: The language spoken in the country where the Amazon River ends is ,16,jacobian_lens,5, in, classrooms,0
example_001,amazon-language,multihop,Fact: The language spoken in the country where the Amazon River ends is ,16,jacobian_lens,6, the, Kingdom,0
example_001,amazon-language,multihop,Fact: The language spoken in the country where the Amazon River ends is ,16,jacobian_lens,7, country, countries,0
example_001,amazon-language,multihop,Fact: The language spoken in the country where the Amazon River ends is ,16,jacobian_lens,8, where, Nigeria,0
example_001,amazon-language,multihop,Fact: The language spoken in the country where the Amazon River ends is ,16,jacobian_lens,9, the, dinosaurs,0
example_001,amazon-language,multihop,Fact: The language spoken in the country where the Amazon River ends is ,16,jacobian_lens,10, Amazon,雨林,0
example_001,amazon-language,multihop,Fact: The language spoken in the country where the Amazon River ends is ,16,jacobian_lens,11, River, River,0
example_001,amazon-language,multihop,Fact: The language spoken in the country where the Amazon River ends is ,16,jacobian_lens,12, ends, is,10
example_001,amazon-language,multihop,Fact: The language spoken in the country where the Amazon River ends is ,16,jacobian_lens,13, is, Languages,0
example_001,amazon-language,multihop,Fact: The language spoken in the country where the Amazon River ends is ,16,jacobian_lens,14, , languages,0
example_001,amazon-language,multihop,Fact: The language spoken in the country where the Amazon River ends is ,17,jacobian_lens,0,Fact, Fact,0
example_001,amazon-language,multihop,Fact: The language spoken in the country where the Amazon River ends is ,17,jacobian_lens,1,:, Humans,0
example_001,amazon-language,multihop,Fact: The language spoken in the country where the Amazon River ends is ,17,jacobian_lens,2, The, Pentagon,0
example_001,amazon-language,multihop,Fact: The language spoken in the country where the Amazon River ends is ,17,jacobian_lens,3, language, language,0
example_001,amazon-language,multihop,Fact: The language spoken in the country where the Amazon River ends is ,17,jacobian_lens,4, spoken, languages,0
example_001,amazon-language,multihop,Fact: The language spoken in the country where the Amazon River ends is ,17,jacobian_lens,5, in, classrooms,0
example_001,amazon-language,multihop,Fact: The language spoken in the country where the Amazon River ends is ,17,jacobian_lens,6, the, regions,0
example_001,amazon-language,multihop,Fact: The language spoken in the country where the Amazon River ends is ,17,jacobian_lens,7, country, Country,0
example_001,amazon-language,multihop,Fact: The language spoken in the country where the Amazon River ends is ,17,jacobian_lens,8, where, humans,0
example_001,amazon-language,multihop,Fact: The language spoken in the country where the Amazon River ends is ,17,jacobian_lens,9, the, dinosaurs,0
example_001,amazon-language,multihop,Fact: The language spoken in the country where the Amazon River ends is ,17,jacobian_lens,10, Amazon,雨林,0
example_001,amazon-language,multihop,Fact: The language spoken in the country where the Amazon River ends is ,17,jacobian_lens,11, River, River,0
example_001,amazon-language,multihop,Fact: The language spoken in the country where the Amazon River ends is ,17,jacobian_lens,12, ends, is,1
example_001,amazon-language,multihop,Fact: The language spoken in the country where the Amazon River ends is ,17,jacobian_lens,13, is, Language,0
example_001,amazon-language,multihop,Fact: The language spoken in the country where the Amazon River ends is ,17,jacobian_lens,14, , languages,0
example_001,amazon-language,multihop,Fact: The language spoken in the country where the Amazon River ends is ,18,jacobian_lens,0,Fact, Fact,0
example_001,amazon-language,multihop,Fact: The language spoken in the country where the Amazon River ends is ,18,jacobian_lens,1,:, Humans,0
example_001,amazon-language,multihop,Fact: The language spoken in the country where the Amazon River ends is ,18,jacobian_lens,2, The, Largest,0
example_001,amazon-language,multihop,Fact: The language spoken in the country where the Amazon River ends is ,18,jacobian_lens,3, language, language,0
example_001,amazon-language,multihop,Fact: The language spoken in the country where the Amazon River ends is ,18,jacobian_lens,4, spoken, languages,0
example_001,amazon-language,multihop,Fact: The language spoken in the country where the Amazon River ends is ,18,jacobian_lens,5, in, Regions,0
example_001,amazon-language,multihop,Fact: The language spoken in the country where the Amazon River ends is ,18,jacobian_lens,6, the, region,0
example_001,amazon-language,multihop,Fact: The language spoken in the country where the Amazon River ends is ,18,jacobian_lens,7, country, Country,1
example_001,amazon-language,multihop,Fact: The language spoken in the country where the Amazon River ends is ,18,jacobian_lens,8, where, humans,0
example_001,amazon-language,multihop,Fact: The language spoken in the country where the Amazon River ends is ,18,jacobian_lens,9, the, volcano,0
example_001,amazon-language,multihop,Fact: The language spoken in the country where the Amazon River ends is ,18,jacobian_lens,10, Amazon,雨林,0
example_001,amazon-language,multihop,Fact: The language spoken in the country where the Amazon River ends is ,18,jacobian_lens,11, River, River,0
example_001,amazon-language,multihop,Fact: The language spoken in the country where the Amazon River ends is ,18,jacobian_lens,12, ends, is,1
example_001,amazon-language,multihop,Fact: The language spoken in the country where the Amazon River ends is ,18,jacobian_lens,13, is, Language,0
example_001,amazon-language,multihop,Fact: The language spoken in the country where the Amazon River ends is ,18,jacobian_lens,14, ,9,0
example_001,amazon-language,multihop,Fact: The language spoken in the country where the Amazon River ends is ,19,jacobian_lens,0,Fact,oring,3
example_001,amazon-language,multihop,Fact: The language spoken in the country where the Amazon River ends is ,19,jacobian_lens,1,:, Humans,0
example_001,amazon-language,multihop,Fact: The language spoken in the country where the Amazon River ends is ,19,jacobian_lens,2, The, Pentagon,0
example_001,amazon-language,multihop,Fact: The language spoken in the country where the Amazon River ends is ,19,jacobian_lens,3, language, language,0
example_001,amazon-language,multihop,Fact: The language spoken in the country where the Amazon River ends is ,19,jacobian_lens,4, spoken, languages,0
example_001,amazon-language,multihop,Fact: The language spoken in the country where the Amazon River ends is ,19,jacobian_lens,5, in, England,0
example_001,amazon-language,multihop,Fact: The language spoken in the country where the Amazon River ends is ,19,jacobian_lens,6, the, region,0
example_001,amazon-language,multihop,Fact: The language spoken in the country where the Amazon River ends is ,19,jacobian_lens,7, country, where,0
example_001,amazon-language,multihop,Fact: The language spoken in the country where the Amazon River ends is ,19,jacobian_lens,8, where, Elon,0
example_001,amazon-language,multihop,Fact: The language spoken in the country where the Amazon River ends is ,19,jacobian_lens,9, the, politician,0
example_001,amazon-language,multihop,Fact: The language spoken in the country where the Amazon River ends is ,19,jacobian_lens,10, Amazon, forests,0
example_001,amazon-language,multihop,Fact: The language spoken in the country where the Amazon River ends is ,19,jacobian_lens,11, River, flows,0
example_001,amazon-language,multihop,Fact: The language spoken in the country where the Amazon River ends is ,19,jacobian_lens,12, ends, is,0
example_001,amazon-language,multihop,Fact: The language spoken in the country where the Amazon River ends is ,19,jacobian_lens,13, is, language,0
example_001,amazon-language,multihop,Fact: The language spoken in the country where the Amazon River ends is ,19,jacobian_lens,14, ,9,0
example_001,amazon-language,multihop,Fact: The language spoken in the country where the Amazon River ends is ,20,jacobian_lens,0,Fact,oring,0
example_001,amazon-language,multihop,Fact: The language spoken in the country where the Amazon River ends is ,20,jacobian_lens,1,:, Humans,0
example_001,amazon-language,multihop,Fact: The language spoken in the country where the Amazon River ends is ,20,jacobian_lens,2, The, World,0
example_001,amazon-language,multihop,Fact: The language spoken in the country where the Amazon River ends is ,20,jacobian_lens,3, language, syntax,0
example_001,amazon-language,multihop,Fact: The language spoken in the country where the Amazon River ends is ,20,jacobian_lens,4, spoken, languages,0
example_001,amazon-language,multihop,Fact: The language spoken in the country where the Amazon River ends is ,20,jacobian_lens,5, in, England,0
example_001,amazon-language,multihop,Fact: The language spoken in the country where the Amazon River ends is ,20,jacobian_lens,6, the, Kingdom,0
example_001,amazon-language,multihop,Fact: The language spoken in the country where the Amazon River ends is ,20,jacobian_lens,7, country, where,0
example_001,amazon-language,multihop,Fact: The language spoken in the country where the Amazon River ends is ,20,jacobian_lens,8, where, Elon,0
example_001,amazon-language,multihop,Fact: The language spoken in the country where the Amazon River ends is ,20,jacobian_lens,9, the, nation,0
example_001,amazon-language,multihop,Fact: The language spoken in the country where the Amazon River ends is ,20,jacobian_lens,10, Amazon, river,0
example_001,amazon-language,multihop,Fact: The language spoken in the country where the Amazon River ends is ,20,jacobian_lens,11, River, flows,0
example_001,amazon-language,multihop,Fact: The language spoken in the country where the Amazon River ends is ,20,jacobian_lens,12, ends, is,0
example_001,amazon-language,multihop,Fact: The language spoken in the country where the Amazon River ends is ,20,jacobian_lens,13, is, Portuguese,0
example_001,amazon-language,multihop,Fact: The language spoken in the country where the Amazon River ends is ,20,jacobian_lens,14, ,9,0
example_001,amazon-language,multihop,Fact: The language spoken in the country where the Amazon River ends is ,21,jacobian_lens,0,Fact,oring,1
example_001,amazon-language,multihop,Fact: The language spoken in the country where the Amazon River ends is ,21,jacobian_lens,1,:, Humans,0
example_001,amazon-language,multihop,Fact: The language spoken in the country where the Amazon River ends is ,21,jacobian_lens,2, The, average,0
example_001,amazon-language,multihop,Fact: The language spoken in the country where the Amazon River ends is ,21,jacobian_lens,3, language, model,0
example_001,amazon-language,multihop,Fact: The language spoken in the country where the Amazon River ends is ,21,jacobian_lens,4, spoken, by,0
example_001,amazon-language,multihop,Fact: The language spoken in the country where the Amazon River ends is ,21,jacobian_lens,5, in, Australia,0
example_001,amazon-language,multihop,Fact: The language spoken in the country where the Amazon River ends is ,21,jacobian_lens,6, the, Kingdom,0
example_001,amazon-language,multihop,Fact: The language spoken in the country where the Amazon River ends is ,21,jacobian_lens,7, country, where,0
example_001,amazon-language,multihop,Fact: The language spoken in the country where the Amazon River ends is ,21,jacobian_lens,8, where, the,0
example_001,amazon-language,multihop,Fact: The language spoken in the country where the Amazon River ends is ,21,jacobian_lens,9, the, country,0
example_001,amazon-language,multihop,Fact: The language spoken in the country where the Amazon River ends is ,21,jacobian_lens,10, Amazon, River,0
example_001,amazon-language,multihop,Fact: The language spoken in the country where the Amazon River ends is ,21,jacobian_lens,11, River, flows,0
example_001,amazon-language,multihop,Fact: The language spoken in the country where the Amazon River ends is ,21,jacobian_lens,12, ends, is,0
example_001,amazon-language,multihop,Fact: The language spoken in the country where the Amazon River ends is ,21,jacobian_lens,13, is, Portuguese,0
example_001,amazon-language,multihop,Fact: The language spoken in the country where the Amazon River ends is ,21,jacobian_lens,14, ,9,0
example_001,amazon-language,multihop,Fact: The language spoken in the country where the Amazon River ends is ,22,jacobian_lens,0,Fact,oring,0
example_001,amazon-language,multihop,Fact: The language spoken in the country where the Amazon River ends is ,22,jacobian_lens,1,:, The,0
example_001,amazon-language,multihop,Fact: The language spoken in the country where the Amazon River ends is ,22,jacobian_lens,2, The, United,0
example_001,amazon-language,multihop,Fact: The language spoken in the country where the Amazon River ends is ,22,jacobian_lens,3, language, model,0
example_001,amazon-language,multihop,Fact: The language spoken in the country where the Amazon River ends is ,22,jacobian_lens,4, spoken, by,0
example_001,amazon-language,multihop,Fact: The language spoken in the country where the Amazon River ends is ,22,jacobian_lens,5, in, the,0
example_001,amazon-language,multihop,Fact: The language spoken in the country where the Amazon River ends is ,22,jacobian_lens,6, the, United,0
example_001,amazon-language,multihop,Fact: The language spoken in the country where the Amazon River ends is ,22,jacobian_lens,7, country, where,0
example_001,amazon-language,multihop,Fact: The language spoken in the country where the Amazon River ends is ,22,jacobian_lens,8, where, the,0
example_001,amazon-language,multihop,Fact: The language spoken in the country where the Amazon River ends is ,22,jacobian_lens,9, the, city,0
example_001,amazon-language,multihop,Fact: The language spoken in the country where the Amazon River ends is ,22,jacobian_lens,10, Amazon, River,0
example_001,amazon-language,multihop,Fact: The language spoken in the country where the Amazon River ends is ,22,jacobian_lens,11, River, flows,0
example_001,amazon-language,multihop,Fact: The language spoken in the country where the Amazon River ends is ,22,jacobian_lens,12, ends, is,0
example_001,amazon-language,multihop,Fact: The language spoken in the country where the Amazon River ends is ,22,jacobian_lens,13, is, Spanish,0
example_001,amazon-language,multihop,Fact: The language spoken in the country where the Amazon River ends is ,22,jacobian_lens,14, ,9,0
example_001,amazon-language,multihop,Fact: The language spoken in the country where the Amazon River ends is ,23,model_output,0,Fact,oring,1
example_001,amazon-language,multihop,Fact: The language spoken in the country where the Amazon River ends is ,23,model_output,1,:, The,0
example_001,amazon-language,multihop,Fact: The language spoken in the country where the Amazon River ends is ,23,model_output,2, The, number,0
example_001,amazon-language,multihop,Fact: The language spoken in the country where the Amazon River ends is ,23,model_output,3, language, of,0
example_001,amazon-language,multihop,Fact: The language spoken in the country where the Amazon River ends is ,23,model_output,4, spoken, by,0
example_001,amazon-language,multihop,Fact: The language spoken in the country where the Amazon River ends is ,23,model_output,5, in, the,0
example_001,amazon-language,multihop,Fact: The language spoken in the country where the Amazon River ends is ,23,model_output,6, the, United,0
example_001,amazon-language,multihop,Fact: The language spoken in the country where the Amazon River ends is ,23,model_output,7, country, of,0
example_001,amazon-language,multihop,Fact: The language spoken in the country where the Amazon River ends is ,23,model_output,8, where, the,0
example_001,amazon-language,multihop,Fact: The language spoken in the country where the Amazon River ends is ,23,model_output,9, the, first,0
example_001,amazon-language,multihop,Fact: The language spoken in the country where the Amazon River ends is ,23,model_output,10, Amazon, is,1
example_001,amazon-language,multihop,Fact: The language spoken in the country where the Amazon River ends is ,23,model_output,11, River, flows,0
example_001,amazon-language,multihop,Fact: The language spoken in the country where the Amazon River ends is ,23,model_output,12, ends, is,0
example_001,amazon-language,multihop,Fact: The language spoken in the country where the Amazon River ends is ,23,model_output,13, is, called,0
example_001,amazon-language,multihop,Fact: The language spoken in the country where the Amazon River ends is ,23,model_output,14, ,1,0
example_002,animal-nose-elephant,animal-nose,Fact: The long flexible body part that the largest land animal uses to pick things up is called a,0,jacobian_lens,0,Fact, Fact,0
example_002,animal-nose-elephant,animal-nose,Fact: The long flexible body part that the largest land animal uses to pick things up is called a,0,jacobian_lens,1,:,colon,61
example_002,animal-nose-elephant,animal-nose,Fact: The long flexible body part that the largest land animal uses to pick things up is called a,0,jacobian_lens,2, The,e,0
example_002,animal-nose-elephant,animal-nose,Fact: The long flexible body part that the largest land animal uses to pick things up is called a,0,jacobian_lens,3, long, long,0
example_002,animal-nose-elephant,animal-nose,Fact: The long flexible body part that the largest land animal uses to pick things up is called a,0,jacobian_lens,4, flexible, flexible,0
example_002,animal-nose-elephant,animal-nose,Fact: The long flexible body part that the largest land animal uses to pick things up is called a,0,jacobian_lens,5, body, Body,0
example_002,animal-nose-elephant,animal-nose,Fact: The long flexible body part that the largest land animal uses to pick things up is called a,0,jacobian_lens,6, part, parts,0
example_002,animal-nose-elephant,animal-nose,Fact: The long flexible body part that the largest land animal uses to pick things up is called a,0,jacobian_lens,7, that, â,1
example_002,animal-nose-elephant,animal-nose,Fact: The long flexible body part that the largest land animal uses to pick things up is called a,0,jacobian_lens,8, the,i,2
example_002,animal-nose-elephant,animal-nose,Fact: The long flexible body part that the largest land animal uses to pick things up is called a,0,jacobian_lens,9, largest, largest,0
example_002,animal-nose-elephant,animal-nose,Fact: The long flexible body part that the largest land animal uses to pick things up is called a,0,jacobian_lens,10, land, land,0
example_002,animal-nose-elephant,animal-nose,Fact: The long flexible body part that the largest land animal uses to pick things up is called a,0,jacobian_lens,11, animal, animal,0
example_002,animal-nose-elephant,animal-nose,Fact: The long flexible body part that the largest land animal uses to pick things up is called a,0,jacobian_lens,12, uses, materials,0
example_002,animal-nose-elephant,animal-nose,Fact: The long flexible body part that the largest land animal uses to pick things up is called a,0,jacobian_lens,13, to, TO,1
example_002,animal-nose-elephant,animal-nose,Fact: The long flexible body part that the largest land animal uses to pick things up is called a,0,jacobian_lens,14, pick, pick,0
example_002,animal-nose-elephant,animal-nose,Fact: The long flexible body part that the largest land animal uses to pick things up is called a,0,jacobian_lens,15, things, things,0
example_002,animal-nose-elephant,animal-nose,Fact: The long flexible body part that the largest land animal uses to pick things up is called a,0,jacobian_lens,16, up, up,1
example_002,animal-nose-elephant,animal-nose,Fact: The long flexible body part that the largest land animal uses to pick things up is called a,0,jacobian_lens,17, is, being,0
example_002,animal-nose-elephant,animal-nose,Fact: The long flexible body part that the largest land animal uses to pick things up is called a,0,jacobian_lens,18, called,的,0
example_002,animal-nose-elephant,animal-nose,Fact: The long flexible body part that the largest land animal uses to pick things up is called a,0,jacobian_lens,19, a, fa,0
example_002,animal-nose-elephant,animal-nose,Fact: The long flexible body part that the largest land animal uses to pick things up is called a,1,jacobian_lens,0,Fact, Fact,0
example_002,animal-nose-elephant,animal-nose,Fact: The long flexible body part that the largest land animal uses to pick things up is called a,1,jacobian_lens,1,:,flu,29
example_002,animal-nose-elephant,animal-nose,Fact: The long flexible body part that the largest land animal uses to pick things up is called a,1,jacobian_lens,2, The, Crown,0
example_002,animal-nose-elephant,animal-nose,Fact: The long flexible body part that the largest land animal uses to pick things up is called a,1,jacobian_lens,3, long, long,0
example_002,animal-nose-elephant,animal-nose,Fact: The long flexible body part that the largest land animal uses to pick things up is called a,1,jacobian_lens,4, flexible, flexible,0
example_002,animal-nose-elephant,animal-nose,Fact: The long flexible body part that the largest land animal uses to pick things up is called a,1,jacobian_lens,5, body, body,0
example_002,animal-nose-elephant,animal-nose,Fact: The long flexible body part that the largest land animal uses to pick things up is called a,1,jacobian_lens,6, part, parts,1
example_002,animal-nose-elephant,animal-nose,Fact: The long flexible body part that the largest land animal uses to pick things up is called a,1,jacobian_lens,7, that, â,2
example_002,animal-nose-elephant,animal-nose,Fact: The long flexible body part that the largest land animal uses to pick things up is called a,1,jacobian_lens,8, the,i,0
example_002,animal-nose-elephant,animal-nose,Fact: The long flexible body part that the largest land animal uses to pick things up is called a,1,jacobian_lens,9, largest, largest,0
example_002,animal-nose-elephant,animal-nose,Fact: The long flexible body part that the largest land animal uses to pick things up is called a,1,jacobian_lens,10, land, land,0
example_002,animal-nose-elephant,animal-nose,Fact: The long flexible body part that the largest land animal uses to pick things up is called a,1,jacobian_lens,11, animal, animal,0
example_002,animal-nose-elephant,animal-nose,Fact: The long flexible body part that the largest land animal uses to pick things up is called a,1,jacobian_lens,12, uses, materials,0
example_002,animal-nose-elephant,animal-nose,Fact: The long flexible body part that the largest land animal uses to pick things up is called a,1,jacobian_lens,13, to,very,4
example_002,animal-nose-elephant,animal-nose,Fact: The long flexible body part that the largest land animal uses to pick things up is called a,1,jacobian_lens,14, pick, pick,0
example_002,animal-nose-elephant,animal-nose,Fact: The long flexible body part that the largest land animal uses to pick things up is called a,1,jacobian_lens,15, things, things,0
example_002,animal-nose-elephant,animal-nose,Fact: The long flexible body part that the largest land animal uses to pick things up is called a,1,jacobian_lens,16, up, pretty,0
example_002,animal-nose-elephant,animal-nose,Fact: The long flexible body part that the largest land animal uses to pick things up is called a,1,jacobian_lens,17, is, being,0
example_002,animal-nose-elephant,animal-nose,Fact: The long flexible body part that the largest land animal uses to pick things up is called a,1,jacobian_lens,18, called, called,0
example_002,animal-nose-elephant,animal-nose,Fact: The long flexible body part that the largest land animal uses to pick things up is called a,1,jacobian_lens,19, a,ftar,4
example_002,animal-nose-elephant,animal-nose,Fact: The long flexible body part that the largest land animal uses to pick things up is called a,2,jacobian_lens,0,Fact, Fact,0
example_002,animal-nose-elephant,animal-nose,Fact: The long flexible body part that the largest land animal uses to pick things up is called a,2,jacobian_lens,1,:,黄花,10
example_002,animal-nose-elephant,animal-nose,Fact: The long flexible body part that the largest land animal uses to pick things up is called a,2,jacobian_lens,2, The, Forest,0
example_002,animal-nose-elephant,animal-nose,Fact: The long flexible body part that the largest land animal uses to pick things up is called a,2,jacobian_lens,3, long, long,0
example_002,animal-nose-elephant,animal-nose,Fact: The long flexible body part that the largest land animal uses to pick things up is called a,2,jacobian_lens,4, flexible, flexible,0
example_002,animal-nose-elephant,animal-nose,Fact: The long flexible body part that the largest land animal uses to pick things up is called a,2,jacobian_lens,5, body, body,0
example_002,animal-nose-elephant,animal-nose,Fact: The long flexible body part that the largest land animal uses to pick things up is called a,2,jacobian_lens,6, part, parts,0
example_002,animal-nose-elephant,animal-nose,Fact: The long flexible body part that the largest land animal uses to pick things up is called a,2,jacobian_lens,7, that, that,1
example_002,animal-nose-elephant,animal-nose,Fact: The long flexible body part that the largest land animal uses to pick things up is called a,2,jacobian_lens,8, the, people,1
example_002,animal-nose-elephant,animal-nose,Fact: The long flexible body part that the largest land animal uses to pick things up is called a,2,jacobian_lens,9, largest, largest,0
example_002,animal-nose-elephant,animal-nose,Fact: The long flexible body part that the largest land animal uses to pick things up is called a,2,jacobian_lens,10, land, land,0
example_002,animal-nose-elephant,animal-nose,Fact: The long flexible body part that the largest land animal uses to pick things up is called a,2,jacobian_lens,11, animal, animal,0
example_002,animal-nose-elephant,animal-nose,Fact: The long flexible body part that the largest land animal uses to pick things up is called a,2,jacobian_lens,12, uses, used,0
example_002,animal-nose-elephant,animal-nose,Fact: The long flexible body part that the largest land animal uses to pick things up is called a,2,jacobian_lens,13, to,everything,1
example_002,animal-nose-elephant,animal-nose,Fact: The long flexible body part that the largest land animal uses to pick things up is called a,2,jacobian_lens,14, pick, pick,0
example_002,animal-nose-elephant,animal-nose,Fact: The long flexible body part that the largest land animal uses to pick things up is called a,2,jacobian_lens,15, things, things,0
example_002,animal-nose-elephant,animal-nose,Fact: The long flexible body part that the largest land animal uses to pick things up is called a,2,jacobian_lens,16, up, pretty,0
example_002,animal-nose-elephant,animal-nose,Fact: The long flexible body part that the largest land animal uses to pick things up is called a,2,jacobian_lens,17, is, being,2
example_002,animal-nose-elephant,animal-nose,Fact: The long flexible body part that the largest land animal uses to pick things up is called a,2,jacobian_lens,18, called, called,0
example_002,animal-nose-elephant,animal-nose,Fact: The long flexible body part that the largest land animal uses to pick things up is called a,2,jacobian_lens,19, a, America,3
example_002,animal-nose-elephant,animal-nose,Fact: The long flexible body part that the largest land animal uses to pick things up is called a,3,jacobian_lens,0,Fact, Fact,0
example_002,animal-nose-elephant,animal-nose,Fact: The long flexible body part that the largest land animal uses to pick things up is called a,3,jacobian_lens,1,:, NYT,24
example_002,animal-nose-elephant,animal-nose,Fact: The long flexible body part that the largest land animal uses to pick things up is called a,3,jacobian_lens,2, The, Forest,1
example_002,animal-nose-elephant,animal-nose,Fact: The long flexible body part that the largest land animal uses to pick things up is called a,3,jacobian_lens,3, long,ness,0
example_002,animal-nose-elephant,animal-nose,Fact: The long flexible body part that the largest land animal uses to pick things up is called a,3,jacobian_lens,4, flexible, flexible,0
example_002,animal-nose-elephant,animal-nose,Fact: The long flexible body part that the largest land animal uses to pick things up is called a,3,jacobian_lens,5, body, body,0
example_002,animal-nose-elephant,animal-nose,Fact: The long flexible body part that the largest land animal uses to pick things up is called a,3,jacobian_lens,6, part, parts,2
example_002,animal-nose-elephant,animal-nose,Fact: The long flexible body part that the largest land animal uses to pick things up is called a,3,jacobian_lens,7, that,Ã,31
example_002,animal-nose-elephant,animal-nose,Fact: The long flexible body part that the largest land animal uses to pick things up is called a,3,jacobian_lens,8, the, they,3
example_002,animal-nose-elephant,animal-nose,Fact: The long flexible body part that the largest land animal uses to pick things up is called a,3,jacobian_lens,9, largest, largest,0
example_002,animal-nose-elephant,animal-nose,Fact: The long flexible body part that the largest land animal uses to pick things up is called a,3,jacobian_lens,10, land, land,0
example_002,animal-nose-elephant,animal-nose,Fact: The long flexible body part that the largest land animal uses to pick things up is called a,3,jacobian_lens,11, animal, animal,0
example_002,animal-nose-elephant,animal-nose,Fact: The long flexible body part that the largest land animal uses to pick things up is called a,3,jacobian_lens,12, uses, tools,2
example_002,animal-nose-elephant,animal-nose,Fact: The long flexible body part that the largest land animal uses to pick things up is called a,3,jacobian_lens,13, to,everything,0
example_002,animal-nose-elephant,animal-nose,Fact: The long flexible body part that the largest land animal uses to pick things up is called a,3,jacobian_lens,14, pick, pick,0
example_002,animal-nose-elephant,animal-nose,Fact: The long flexible body part that the largest land animal uses to pick things up is called a,3,jacobian_lens,15, things, things,0
example_002,animal-nose-elephant,animal-nose,Fact: The long flexible body part that the largest land animal uses to pick things up is called a,3,jacobian_lens,16, up, guys,0
example_002,animal-nose-elephant,animal-nose,Fact: The long flexible body part that the largest land animal uses to pick things up is called a,3,jacobian_lens,17, is, being,1
example_002,animal-nose-elephant,animal-nose,Fact: The long flexible body part that the largest land animal uses to pick things up is called a,3,jacobian_lens,18, called, called,0
example_002,animal-nose-elephant,animal-nose,Fact: The long flexible body part that the largest land animal uses to pick things up is called a,3,jacobian_lens,19, a,ña,10
example_002,animal-nose-elephant,animal-nose,Fact: The long flexible body part that the largest land animal uses to pick things up is called a,4,jacobian_lens,0,Fact, Fact,0
example_002,animal-nose-elephant,animal-nose,Fact: The long flexible body part that the largest land animal uses to pick things up is called a,4,jacobian_lens,1,:, NYT,17
example_002,animal-nose-elephant,animal-nose,Fact: The long flexible body part that the largest land animal uses to pick things up is called a,4,jacobian_lens,2, The, Crown,3
example_002,animal-nose-elephant,animal-nose,Fact: The long flexible body part that the largest land animal uses to pick things up is called a,4,jacobian_lens,3, long,ness,0
example_002,animal-nose-elephant,animal-nose,Fact: The long flexible body part that the largest land animal uses to pick things up is called a,4,jacobian_lens,4, flexible, flexible,0
example_002,animal-nose-elephant,animal-nose,Fact: The long flexible body part that the largest land animal uses to pick things up is called a,4,jacobian_lens,5, body, body,0
example_002,animal-nose-elephant,animal-nose,Fact: The long flexible body part that the largest land animal uses to pick things up is called a,4,jacobian_lens,6, part, parts,0
example_002,animal-nose-elephant,animal-nose,Fact: The long flexible body part that the largest land animal uses to pick things up is called a,4,jacobian_lens,7, that, that,5
example_002,animal-nose-elephant,animal-nose,Fact: The long flexible body part that the largest land animal uses to pick things up is called a,4,jacobian_lens,8, the, they,0
example_002,animal-nose-elephant,animal-nose,Fact: The long flexible body part that the largest land animal uses to pick things up is called a,4,jacobian_lens,9, largest, largest,0
example_002,animal-nose-elephant,animal-nose,Fact: The long flexible body part that the largest land animal uses to pick things up is called a,4,jacobian_lens,10, land, land,0
example_002,animal-nose-elephant,animal-nose,Fact: The long flexible body part that the largest land animal uses to pick things up is called a,4,jacobian_lens,11, animal, animal,0
example_002,animal-nose-elephant,animal-nose,Fact: The long flexible body part that the largest land animal uses to pick things up is called a,4,jacobian_lens,12, uses, used,0
example_002,animal-nose-elephant,animal-nose,Fact: The long flexible body part that the largest land animal uses to pick things up is called a,4,jacobian_lens,13, to,ıt,0
example_002,animal-nose-elephant,animal-nose,Fact: The long flexible body part that the largest land animal uses to pick things up is called a,4,jacobian_lens,14, pick, pick,0
example_002,animal-nose-elephant,animal-nose,Fact: The long flexible body part that the largest land animal uses to pick things up is called a,4,jacobian_lens,15, things, things,0
example_002,animal-nose-elephant,animal-nose,Fact: The long flexible body part that the largest land animal uses to pick things up is called a,4,jacobian_lens,16, up, kids,0
example_002,animal-nose-elephant,animal-nose,Fact: The long flexible body part that the largest land animal uses to pick things up is called a,4,jacobian_lens,17, is, that,4
example_002,animal-nose-elephant,animal-nose,Fact: The long flexible body part that the largest land animal uses to pick things up is called a,4,jacobian_lens,18, called, called,0
example_002,animal-nose-elephant,animal-nose,Fact: The long flexible body part that the largest land animal uses to pick things up is called a,4,jacobian_lens,19, a, America,9
example_002,animal-nose-elephant,animal-nose,Fact: The long flexible body part that the largest land animal uses to pick things up is called a,5,jacobian_lens,0,Fact, Fact,0
example_002,animal-nose-elephant,animal-nose,Fact: The long flexible body part that the largest land animal uses to pick things up is called a,5,jacobian_lens,1,:, Fact,9
example_002,animal-nose-elephant,animal-nose,Fact: The long flexible body part that the largest land animal uses to pick things up is called a,5,jacobian_lens,2, The, Crown,0
example_002,animal-nose-elephant,animal-nose,Fact: The long flexible body part that the largest land animal uses to pick things up is called a,5,jacobian_lens,3, long,ness,0
example_002,animal-nose-elephant,animal-nose,Fact: The long flexible body part that the largest land animal uses to pick things up is called a,5,jacobian_lens,4, flexible, flexible,0
example_002,animal-nose-elephant,animal-nose,Fact: The long flexible body part that the largest land animal uses to pick things up is called a,5,jacobian_lens,5, body, body,0
example_002,animal-nose-elephant,animal-nose,Fact: The long flexible body part that the largest land animal uses to pick things up is called a,5,jacobian_lens,6, part, of,0
example_002,animal-nose-elephant,animal-nose,Fact: The long flexible body part that the largest land animal uses to pick things up is called a,5,jacobian_lens,7, that, that,2
example_002,animal-nose-elephant,animal-nose,Fact: The long flexible body part that the largest land animal uses to pick things up is called a,5,jacobian_lens,8, the, people,0
example_002,animal-nose-elephant,animal-nose,Fact: The long flexible body part that the largest land animal uses to pick things up is called a,5,jacobian_lens,9, largest, largest,0
example_002,animal-nose-elephant,animal-nose,Fact: The long flexible body part that the largest land animal uses to pick things up is called a,5,jacobian_lens,10, land, land,0
example_002,animal-nose-elephant,animal-nose,Fact: The long flexible body part that the largest land animal uses to pick things up is called a,5,jacobian_lens,11, animal, animal,0
example_002,animal-nose-elephant,animal-nose,Fact: The long flexible body part that the largest land animal uses to pick things up is called a,5,jacobian_lens,12, uses, uses,0
example_002,animal-nose-elephant,animal-nose,Fact: The long flexible body part that the largest land animal uses to pick things up is called a,5,jacobian_lens,13, to, keep,1
example_002,animal-nose-elephant,animal-nose,Fact: The long flexible body part that the largest land animal uses to pick things up is called a,5,jacobian_lens,14, pick, pick,0
example_002,animal-nose-elephant,animal-nose,Fact: The long flexible body part that the largest land animal uses to pick things up is called a,5,jacobian_lens,15, things, things,0
example_002,animal-nose-elephant,animal-nose,Fact: The long flexible body part that the largest land animal uses to pick things up is called a,5,jacobian_lens,16, up, pickup,0
example_002,animal-nose-elephant,animal-nose,Fact: The long flexible body part that the largest land animal uses to pick things up is called a,5,jacobian_lens,17, is, this,3
example_002,animal-nose-elephant,animal-nose,Fact: The long flexible body part that the largest land animal uses to pick things up is called a,5,jacobian_lens,18, called, called,0
example_002,animal-nose-elephant,animal-nose,Fact: The long flexible body part that the largest land animal uses to pick things up is called a,5,jacobian_lens,19, a, baseball,8
example_002,animal-nose-elephant,animal-nose,Fact: The long flexible body part that the largest land animal uses to pick things up is called a,6,jacobian_lens,0,Fact, itself,0
example_002,animal-nose-elephant,animal-nose,Fact: The long flexible body part that the largest land animal uses to pick things up is called a,6,jacobian_lens,1,:, Fact,2
example_002,animal-nose-elephant,animal-nose,Fact: The long flexible body part that the largest land animal uses to pick things up is called a,6,jacobian_lens,2, The, Crown,0
example_002,animal-nose-elephant,animal-nose,Fact: The long flexible body part that the largest land animal uses to pick things up is called a,6,jacobian_lens,3, long,ness,0
example_002,animal-nose-elephant,animal-nose,Fact: The long flexible body part that the largest land animal uses to pick things up is called a,6,jacobian_lens,4, flexible, flexible,0
example_002,animal-nose-elephant,animal-nose,Fact: The long flexible body part that the largest land animal uses to pick things up is called a,6,jacobian_lens,5, body, body,0
example_002,animal-nose-elephant,animal-nose,Fact: The long flexible body part that the largest land animal uses to pick things up is called a,6,jacobian_lens,6, part, body,0
example_002,animal-nose-elephant,animal-nose,Fact: The long flexible body part that the largest land animal uses to pick things up is called a,6,jacobian_lens,7, that, that,3
example_002,animal-nose-elephant,animal-nose,Fact: The long flexible body part that the largest land animal uses to pick things up is called a,6,jacobian_lens,8, the, people,0
example_002,animal-nose-elephant,animal-nose,Fact: The long flexible body part that the largest land animal uses to pick things up is called a,6,jacobian_lens,9, largest, largest,0
example_002,animal-nose-elephant,animal-nose,Fact: The long flexible body part that the largest land animal uses to pick things up is called a,6,jacobian_lens,10, land, land,0
example_002,animal-nose-elephant,animal-nose,Fact: The long flexible body part that the largest land animal uses to pick things up is called a,6,jacobian_lens,11, animal, animal,0
example_002,animal-nose-elephant,animal-nose,Fact: The long flexible body part that the largest land animal uses to pick things up is called a,6,jacobian_lens,12, uses, equipment,0
example_002,animal-nose-elephant,animal-nose,Fact: The long flexible body part that the largest land animal uses to pick things up is called a,6,jacobian_lens,13, to, weapons,0
example_002,animal-nose-elephant,animal-nose,Fact: The long flexible body part that the largest land animal uses to pick things up is called a,6,jacobian_lens,14, pick, pick,0
example_002,animal-nose-elephant,animal-nose,Fact: The long flexible body part that the largest land animal uses to pick things up is called a,6,jacobian_lens,15, things, things,0
example_002,animal-nose-elephant,animal-nose,Fact: The long flexible body part that the largest land animal uses to pick things up is called a,6,jacobian_lens,16, up, pickup,0
example_002,animal-nose-elephant,animal-nose,Fact: The long flexible body part that the largest land animal uses to pick things up is called a,6,jacobian_lens,17, is, insects,3
example_002,animal-nose-elephant,animal-nose,Fact: The long flexible body part that the largest land animal uses to pick things up is called a,6,jacobian_lens,18, called,叫做,0
example_002,animal-nose-elephant,animal-nose,Fact: The long flexible body part that the largest land animal uses to pick things up is called a,6,jacobian_lens,19, a, dinosaur,5
example_002,animal-nose-elephant,animal-nose,Fact: The long flexible body part that the largest land animal uses to pick things up is called a,7,jacobian_lens,0,Fact, Fact,0
example_002,animal-nose-elephant,animal-nose,Fact: The long flexible body part that the largest land animal uses to pick things up is called a,7,jacobian_lens,1,:, Fact,1
example_002,animal-nose-elephant,animal-nose,Fact: The long flexible body part that the largest land animal uses to pick things up is called a,7,jacobian_lens,2, The, Crown,0
example_002,animal-nose-elephant,animal-nose,Fact: The long flexible body part that the largest land animal uses to pick things up is called a,7,jacobian_lens,3, long, longest,1
example_002,animal-nose-elephant,animal-nose,Fact: The long flexible body part that the largest land animal uses to pick things up is called a,7,jacobian_lens,4, flexible, flexible,0
example_002,animal-nose-elephant,animal-nose,Fact: The long flexible body part that the largest land animal uses to pick things up is called a,7,jacobian_lens,5, body, body,0
example_002,animal-nose-elephant,animal-nose,Fact: The long flexible body part that the largest land animal uses to pick things up is called a,7,jacobian_lens,6, part, body,0
example_002,animal-nose-elephant,animal-nose,Fact: The long flexible body part that the largest land animal uses to pick things up is called a,7,jacobian_lens,7, that, verte,2
example_002,animal-nose-elephant,animal-nose,Fact: The long flexible body part that the largest land animal uses to pick things up is called a,7,jacobian_lens,8, the, tubes,1
example_002,animal-nose-elephant,animal-nose,Fact: The long flexible body part that the largest land animal uses to pick things up is called a,7,jacobian_lens,9, largest, largest,0
example_002,animal-nose-elephant,animal-nose,Fact: The long flexible body part that the largest land animal uses to pick things up is called a,7,jacobian_lens,10, land, land,0
example_002,animal-nose-elephant,animal-nose,Fact: The long flexible body part that the largest land animal uses to pick things up is called a,7,jacobian_lens,11, animal, animal,0
example_002,animal-nose-elephant,animal-nose,Fact: The long flexible body part that the largest land animal uses to pick things up is called a,7,jacobian_lens,12, uses, technique,0
example_002,animal-nose-elephant,animal-nose,Fact: The long flexible body part that the largest land animal uses to pick things up is called a,7,jacobian_lens,13, to, weapons,0
example_002,animal-nose-elephant,animal-nose,Fact: The long flexible body part that the largest land animal uses to pick things up is called a,7,jacobian_lens,14, pick, pick,0
example_002,animal-nose-elephant,animal-nose,Fact: The long flexible body part that the largest land animal uses to pick things up is called a,7,jacobian_lens,15, things, things,0
example_002,animal-nose-elephant,animal-nose,Fact: The long flexible body part that the largest land animal uses to pick things up is called a,7,jacobian_lens,16, up, pickup,0
example_002,animal-nose-elephant,animal-nose,Fact: The long flexible body part that the largest land animal uses to pick things up is called a,7,jacobian_lens,17, is, insects,1
example_002,animal-nose-elephant,animal-nose,Fact: The long flexible body part that the largest land animal uses to pick things up is called a,7,jacobian_lens,18, called,叫做,0
example_002,animal-nose-elephant,animal-nose,Fact: The long flexible body part that the largest land animal uses to pick things up is called a,7,jacobian_lens,19, a, dolls,0
example_002,animal-nose-elephant,animal-nose,Fact: The long flexible body part that the largest land animal uses to pick things up is called a,8,jacobian_lens,0,Fact,adro,0
example_002,animal-nose-elephant,animal-nose,Fact: The long flexible body part that the largest land animal uses to pick things up is called a,8,jacobian_lens,1,:, Fact,0
example_002,animal-nose-elephant,animal-nose,Fact: The long flexible body part that the largest land animal uses to pick things up is called a,8,jacobian_lens,2, The, Crown,1
example_002,animal-nose-elephant,animal-nose,Fact: The long flexible body part that the largest land animal uses to pick things up is called a,8,jacobian_lens,3, long, longest,1
example_002,animal-nose-elephant,animal-nose,Fact: The long flexible body part that the largest land animal uses to pick things up is called a,8,jacobian_lens,4, flexible, flexible,0
example_002,animal-nose-elephant,animal-nose,Fact: The long flexible body part that the largest land animal uses to pick things up is called a,8,jacobian_lens,5, body, body,0
example_002,animal-nose-elephant,animal-nose,Fact: The long flexible body part that the largest land animal uses to pick things up is called a,8,jacobian_lens,6, part, called,0
example_002,animal-nose-elephant,animal-nose,Fact: The long flexible body part that the largest land animal uses to pick things up is called a,8,jacobian_lens,7, that, called,2
example_002,animal-nose-elephant,animal-nose,Fact: The long flexible body part that the largest land animal uses to pick things up is called a,8,jacobian_lens,8, the, children,0
example_002,animal-nose-elephant,animal-nose,Fact: The long flexible body part that the largest land animal uses to pick things up is called a,8,jacobian_lens,9, largest, largest,0
example_002,animal-nose-elephant,animal-nose,Fact: The long flexible body part that the largest land animal uses to pick things up is called a,8,jacobian_lens,10, land, land,0
example_002,animal-nose-elephant,animal-nose,Fact: The long flexible body part that the largest land animal uses to pick things up is called a,8,jacobian_lens,11, animal, animal,0
example_002,animal-nose-elephant,animal-nose,Fact: The long flexible body part that the largest land animal uses to pick things up is called a,8,jacobian_lens,12, uses, technique,0
example_002,animal-nose-elephant,animal-nose,Fact: The long flexible body part that the largest land animal uses to pick things up is called a,8,jacobian_lens,13, to, weapons,0
example_002,animal-nose-elephant,animal-nose,Fact: The long flexible body part that the largest land animal uses to pick things up is called a,8,jacobian_lens,14, pick, pick,0
example_002,animal-nose-elephant,animal-nose,Fact: The long flexible body part that the largest land animal uses to pick things up is called a,8,jacobian_lens,15, things, things,0
example_002,animal-nose-elephant,animal-nose,Fact: The long flexible body part that the largest land animal uses to pick things up is called a,8,jacobian_lens,16, up, pickup,0
example_002,animal-nose-elephant,animal-nose,Fact: The long flexible body part that the largest land animal uses to pick things up is called a,8,jacobian_lens,17, is, canoe,2
example_002,animal-nose-elephant,animal-nose,Fact: The long flexible body part that the largest land animal uses to pick things up is called a,8,jacobian_lens,18, called,叫做,0
example_002,animal-nose-elephant,animal-nose,Fact: The long flexible body part that the largest land animal uses to pick things up is called a,8,jacobian_lens,19, a, eagle,0
example_002,animal-nose-elephant,animal-nose,Fact: The long flexible body part that the largest land animal uses to pick things up is called a,9,jacobian_lens,0,Fact, Property,0
example_002,animal-nose-elephant,animal-nose,Fact: The long flexible body part that the largest land animal uses to pick things up is called a,9,jacobian_lens,1,:, Facts,0
example_002,animal-nose-elephant,animal-nose,Fact: The long flexible body part that the largest land animal uses to pick things up is called a,9,jacobian_lens,2, The, Science,1
example_002,animal-nose-elephant,animal-nose,Fact: The long flexible body part that the largest land animal uses to pick things up is called a,9,jacobian_lens,3, long, longest,1
example_002,animal-nose-elephant,animal-nose,Fact: The long flexible body part that the largest land animal uses to pick things up is called a,9,jacobian_lens,4, flexible, flexible,0
example_002,animal-nose-elephant,animal-nose,Fact: The long flexible body part that the largest land animal uses to pick things up is called a,9,jacobian_lens,5, body, body,0
example_002,animal-nose-elephant,animal-nose,Fact: The long flexible body part that the largest land animal uses to pick things up is called a,9,jacobian_lens,6, part, called,0
example_002,animal-nose-elephant,animal-nose,Fact: The long flexible body part that the largest land animal uses to pick things up is called a,9,jacobian_lens,7, that, verte,4
example_002,animal-nose-elephant,animal-nose,Fact: The long flexible body part that the largest land animal uses to pick things up is called a,9,jacobian_lens,8, the, children,0
example_002,animal-nose-elephant,animal-nose,Fact: The long flexible body part that the largest land animal uses to pick things up is called a,9,jacobian_lens,9, largest, largest,0
example_002,animal-nose-elephant,animal-nose,Fact: The long flexible body part that the largest land animal uses to pick things up is called a,9,jacobian_lens,10, land, land,0
example_002,animal-nose-elephant,animal-nose,Fact: The long flexible body part that the largest land animal uses to pick things up is called a,9,jacobian_lens,11, animal, animal,0
example_002,animal-nose-elephant,animal-nose,Fact: The long flexible body part that the largest land animal uses to pick things up is called a,9,jacobian_lens,12, uses, technique,0
example_002,animal-nose-elephant,animal-nose,Fact: The long flexible body part that the largest land animal uses to pick things up is called a,9,jacobian_lens,13, to, technique,0
example_002,animal-nose-elephant,animal-nose,Fact: The long flexible body part that the largest land animal uses to pick things up is called a,9,jacobian_lens,14, pick, pick,0
example_002,animal-nose-elephant,animal-nose,Fact: The long flexible body part that the largest land animal uses to pick things up is called a,9,jacobian_lens,15, things, things,0
example_002,animal-nose-elephant,animal-nose,Fact: The long flexible body part that the largest land animal uses to pick things up is called a,9,jacobian_lens,16, up, pickup,0
example_002,animal-nose-elephant,animal-nose,Fact: The long flexible body part that the largest land animal uses to pick things up is called a,9,jacobian_lens,17, is, tool,6
example_002,animal-nose-elephant,animal-nose,Fact: The long flexible body part that the largest land animal uses to pick things up is called a,9,jacobian_lens,18, called,叫做,0
example_002,animal-nose-elephant,animal-nose,Fact: The long flexible body part that the largest land animal uses to pick things up is called a,9,jacobian_lens,19, a, wire,3
example_002,animal-nose-elephant,animal-nose,Fact: The long flexible body part that the largest land animal uses to pick things up is called a,10,jacobian_lens,0,Fact,eur,0
example_002,animal-nose-elephant,animal-nose,Fact: The long flexible body part that the largest land animal uses to pick things up is called a,10,jacobian_lens,1,:, Facts,1
example_002,animal-nose-elephant,animal-nose,Fact: The long flexible body part that the largest land animal uses to pick things up is called a,10,jacobian_lens,2, The, People,1
example_002,animal-nose-elephant,animal-nose,Fact: The long flexible body part that the largest land animal uses to pick things up is called a,10,jacobian_lens,3, long, longest,0
example_002,animal-nose-elephant,animal-nose,Fact: The long flexible body part that the largest land animal uses to pick things up is called a,10,jacobian_lens,4, flexible, flexible,0
example_002,animal-nose-elephant,animal-nose,Fact: The long flexible body part that the largest land animal uses to pick things up is called a,10,jacobian_lens,5, body, body,0
example_002,animal-nose-elephant,animal-nose,Fact: The long flexible body part that the largest land animal uses to pick things up is called a,10,jacobian_lens,6, part, called,2
example_002,animal-nose-elephant,animal-nose,Fact: The long flexible body part that the largest land animal uses to pick things up is called a,10,jacobian_lens,7, that, verte,9
example_002,animal-nose-elephant,animal-nose,Fact: The long flexible body part that the largest land animal uses to pick things up is called a,10,jacobian_lens,8, the, humans,1
example_002,animal-nose-elephant,animal-nose,Fact: The long flexible body part that the largest land animal uses to pick things up is called a,10,jacobian_lens,9, largest, largest,0
example_002,animal-nose-elephant,animal-nose,Fact: The long flexible body part that the largest land animal uses to pick things up is called a,10,jacobian_lens,10, land, land,0
example_002,animal-nose-elephant,animal-nose,Fact: The long flexible body part that the largest land animal uses to pick things up is called a,10,jacobian_lens,11, animal, animal,0
example_002,animal-nose-elephant,animal-nose,Fact: The long flexible body part that the largest land animal uses to pick things up is called a,10,jacobian_lens,12, uses, technique,0
example_002,animal-nose-elephant,animal-nose,Fact: The long flexible body part that the largest land animal uses to pick things up is called a,10,jacobian_lens,13, to, weapons,0
example_002,animal-nose-elephant,animal-nose,Fact: The long flexible body part that the largest land animal uses to pick things up is called a,10,jacobian_lens,14, pick,pick,0
example_002,animal-nose-elephant,animal-nose,Fact: The long flexible body part that the largest land animal uses to pick things up is called a,10,jacobian_lens,15, things, things,0
example_002,animal-nose-elephant,animal-nose,Fact: The long flexible body part that the largest land animal uses to pick things up is called a,10,jacobian_lens,16, up, pickup,0
example_002,animal-nose-elephant,animal-nose,Fact: The long flexible body part that the largest land animal uses to pick things up is called a,10,jacobian_lens,17, is, tool,6
example_002,animal-nose-elephant,animal-nose,Fact: The long flexible body part that the largest land animal uses to pick things up is called a,10,jacobian_lens,18, called,叫做,0
example_002,animal-nose-elephant,animal-nose,Fact: The long flexible body part that the largest land animal uses to pick things up is called a,10,jacobian_lens,19, a, claws,3
example_002,animal-nose-elephant,animal-nose,Fact: The long flexible body part that the largest land animal uses to pick things up is called a,11,jacobian_lens,0,Fact, Fact,1
example_002,animal-nose-elephant,animal-nose,Fact: The long flexible body part that the largest land animal uses to pick things up is called a,11,jacobian_lens,1,:, Facts,0
example_002,animal-nose-elephant,animal-nose,Fact: The long flexible body part that the largest land animal uses to pick things up is called a,11,jacobian_lens,2, The, British,2
example_002,animal-nose-elephant,animal-nose,Fact: The long flexible body part that the largest land animal uses to pick things up is called a,11,jacobian_lens,3, long, longest,0
example_002,animal-nose-elephant,animal-nose,Fact: The long flexible body part that the largest land animal uses to pick things up is called a,11,jacobian_lens,4, flexible, flexible,0
example_002,animal-nose-elephant,animal-nose,Fact: The long flexible body part that the largest land animal uses to pick things up is called a,11,jacobian_lens,5, body, body,0
example_002,animal-nose-elephant,animal-nose,Fact: The long flexible body part that the largest land animal uses to pick things up is called a,11,jacobian_lens,6, part, called,0
example_002,animal-nose-elephant,animal-nose,Fact: The long flexible body part that the largest land animal uses to pick things up is called a,11,jacobian_lens,7, that, verte,9
example_002,animal-nose-elephant,animal-nose,Fact: The long flexible body part that the largest land animal uses to pick things up is called a,11,jacobian_lens,8, the, animals,1
example_002,animal-nose-elephant,animal-nose,Fact: The long flexible body part that the largest land animal uses to pick things up is called a,11,jacobian_lens,9, largest, largest,0
example_002,animal-nose-elephant,animal-nose,Fact: The long flexible body part that the largest land animal uses to pick things up is called a,11,jacobian_lens,10, land, land,0
example_002,animal-nose-elephant,animal-nose,Fact: The long flexible body part that the largest land animal uses to pick things up is called a,11,jacobian_lens,11, animal, animal,0
example_002,animal-nose-elephant,animal-nose,Fact: The long flexible body part that the largest land animal uses to pick things up is called a,11,jacobian_lens,12, uses, technique,0
example_002,animal-nose-elephant,animal-nose,Fact: The long flexible body part that the largest land animal uses to pick things up is called a,11,jacobian_lens,13, to, weapons,0
example_002,animal-nose-elephant,animal-nose,Fact: The long flexible body part that the largest land animal uses to pick things up is called a,11,jacobian_lens,14, pick,pick,0
example_002,animal-nose-elephant,animal-nose,Fact: The long flexible body part that the largest land animal uses to pick things up is called a,11,jacobian_lens,15, things, things,0
example_002,animal-nose-elephant,animal-nose,Fact: The long flexible body part that the largest land animal uses to pick things up is called a,11,jacobian_lens,16, up, pickup,0
example_002,animal-nose-elephant,animal-nose,Fact: The long flexible body part that the largest land animal uses to pick things up is called a,11,jacobian_lens,17, is, insects,12
example_002,animal-nose-elephant,animal-nose,Fact: The long flexible body part that the largest land animal uses to pick things up is called a,11,jacobian_lens,18, called,叫做,0
example_002,animal-nose-elephant,animal-nose,Fact: The long flexible body part that the largest land animal uses to pick things up is called a,11,jacobian_lens,19, a, claws,5
example_002,animal-nose-elephant,animal-nose,Fact: The long flexible body part that the largest land animal uses to pick things up is called a,12,jacobian_lens,0,Fact, Fact,0
example_002,animal-nose-elephant,animal-nose,Fact: The long flexible body part that the largest land animal uses to pick things up is called a,12,jacobian_lens,1,:, Fact,0
example_002,animal-nose-elephant,animal-nose,Fact: The long flexible body part that the largest land animal uses to pick things up is called a,12,jacobian_lens,2, The, British,2
example_002,animal-nose-elephant,animal-nose,Fact: The long flexible body part that the largest land animal uses to pick things up is called a,12,jacobian_lens,3, long, longest,1
example_002,animal-nose-elephant,animal-nose,Fact: The long flexible body part that the largest land animal uses to pick things up is called a,12,jacobian_lens,4, flexible, flexible,0
example_002,animal-nose-elephant,animal-nose,Fact: The long flexible body part that the largest land animal uses to pick things up is called a,12,jacobian_lens,5, body, body,1
example_002,animal-nose-elephant,animal-nose,Fact: The long flexible body part that the largest land animal uses to pick things up is called a,12,jacobian_lens,6, part, called,0
example_002,animal-nose-elephant,animal-nose,Fact: The long flexible body part that the largest land animal uses to pick things up is called a,12,jacobian_lens,7, that, verte,2
example_002,animal-nose-elephant,animal-nose,Fact: The long flexible body part that the largest land animal uses to pick things up is called a,12,jacobian_lens,8, the, children,0
example_002,animal-nose-elephant,animal-nose,Fact: The long flexible body part that the largest land animal uses to pick things up is called a,12,jacobian_lens,9, largest, largest,0
example_002,animal-nose-elephant,animal-nose,Fact: The long flexible body part that the largest land animal uses to pick things up is called a,12,jacobian_lens,10, land, land,0
example_002,animal-nose-elephant,animal-nose,Fact: The long flexible body part that the largest land animal uses to pick things up is called a,12,jacobian_lens,11, animal, animal,0
example_002,animal-nose-elephant,animal-nose,Fact: The long flexible body part that the largest land animal uses to pick things up is called a,12,jacobian_lens,12, uses, uses,0
example_002,animal-nose-elephant,animal-nose,Fact: The long flexible body part that the largest land animal uses to pick things up is called a,12,jacobian_lens,13, to, weapons,0
example_002,animal-nose-elephant,animal-nose,Fact: The long flexible body part that the largest land animal uses to pick things up is called a,12,jacobian_lens,14, pick,pick,0
example_002,animal-nose-elephant,animal-nose,Fact: The long flexible body part that the largest land animal uses to pick things up is called a,12,jacobian_lens,15, things, things,0
example_002,animal-nose-elephant,animal-nose,Fact: The long flexible body part that the largest land animal uses to pick things up is called a,12,jacobian_lens,16, up, pickup,0
example_002,animal-nose-elephant,animal-nose,Fact: The long flexible body part that the largest land animal uses to pick things up is called a,12,jacobian_lens,17, is, called,9
example_002,animal-nose-elephant,animal-nose,Fact: The long flexible body part that the largest land animal uses to pick things up is called a,12,jacobian_lens,18, called,叫做,1
example_002,animal-nose-elephant,animal-nose,Fact: The long flexible body part that the largest land animal uses to pick things up is called a,12,jacobian_lens,19, a, claws,7
example_002,animal-nose-elephant,animal-nose,Fact: The long flexible body part that the largest land animal uses to pick things up is called a,13,jacobian_lens,0,Fact, Fact,0
example_002,animal-nose-elephant,animal-nose,Fact: The long flexible body part that the largest land animal uses to pick things up is called a,13,jacobian_lens,1,:, Fact,0
example_002,animal-nose-elephant,animal-nose,Fact: The long flexible body part that the largest land animal uses to pick things up is called a,13,jacobian_lens,2, The, Museum,1
example_002,animal-nose-elephant,animal-nose,Fact: The long flexible body part that the largest land animal uses to pick things up is called a,13,jacobian_lens,3, long, longest,0
example_002,animal-nose-elephant,animal-nose,Fact: The long flexible body part that the largest land animal uses to pick things up is called a,13,jacobian_lens,4, flexible, flexible,0
example_002,animal-nose-elephant,animal-nose,Fact: The long flexible body part that the largest land animal uses to pick things up is called a,13,jacobian_lens,5, body, body,1
example_002,animal-nose-elephant,animal-nose,Fact: The long flexible body part that the largest land animal uses to pick things up is called a,13,jacobian_lens,6, part, called,0
example_002,animal-nose-elephant,animal-nose,Fact: The long flexible body part that the largest land animal uses to pick things up is called a,13,jacobian_lens,7, that, verte,2
example_002,animal-nose-elephant,animal-nose,Fact: The long flexible body part that the largest land animal uses to pick things up is called a,13,jacobian_lens,8, the, humans,0
example_002,animal-nose-elephant,animal-nose,Fact: The long flexible body part that the largest land animal uses to pick things up is called a,13,jacobian_lens,9, largest, largest,0
example_002,animal-nose-elephant,animal-nose,Fact: The long flexible body part that the largest land animal uses to pick things up is called a,13,jacobian_lens,10, land, land,0
example_002,animal-nose-elephant,animal-nose,Fact: The long flexible body part that the largest land animal uses to pick things up is called a,13,jacobian_lens,11, animal, animal,0
example_002,animal-nose-elephant,animal-nose,Fact: The long flexible body part that the largest land animal uses to pick things up is called a,13,jacobian_lens,12, uses, uses,0
example_002,animal-nose-elephant,animal-nose,Fact: The long flexible body part that the largest land animal uses to pick things up is called a,13,jacobian_lens,13, to, transport,1
example_002,animal-nose-elephant,animal-nose,Fact: The long flexible body part that the largest land animal uses to pick things up is called a,13,jacobian_lens,14, pick,pick,0
example_002,animal-nose-elephant,animal-nose,Fact: The long flexible body part that the largest land animal uses to pick things up is called a,13,jacobian_lens,15, things, things,0
example_002,animal-nose-elephant,animal-nose,Fact: The long flexible body part that the largest land animal uses to pick things up is called a,13,jacobian_lens,16, up, pickup,0
example_002,animal-nose-elephant,animal-nose,Fact: The long flexible body part that the largest land animal uses to pick things up is called a,13,jacobian_lens,17, is, called,12
example_002,animal-nose-elephant,animal-nose,Fact: The long flexible body part that the largest land animal uses to pick things up is called a,13,jacobian_lens,18, called,叫做,4
example_002,animal-nose-elephant,animal-nose,Fact: The long flexible body part that the largest land animal uses to pick things up is called a,13,jacobian_lens,19, a, claws,14
example_002,animal-nose-elephant,animal-nose,Fact: The long flexible body part that the largest land animal uses to pick things up is called a,14,jacobian_lens,0,Fact,dpa,0
example_002,animal-nose-elephant,animal-nose,Fact: The long flexible body part that the largest land animal uses to pick things up is called a,14,jacobian_lens,1,:, Facts,0
example_002,animal-nose-elephant,animal-nose,Fact: The long flexible body part that the largest land animal uses to pick things up is called a,14,jacobian_lens,2, The, Tree,0
example_002,animal-nose-elephant,animal-nose,Fact: The long flexible body part that the largest land animal uses to pick things up is called a,14,jacobian_lens,3, long, longest,2
example_002,animal-nose-elephant,animal-nose,Fact: The long flexible body part that the largest land animal uses to pick things up is called a,14,jacobian_lens,4, flexible, flexible,0
example_002,animal-nose-elephant,animal-nose,Fact: The long flexible body part that the largest land animal uses to pick things up is called a,14,jacobian_lens,5, body,body,1
example_002,animal-nose-elephant,animal-nose,Fact: The long flexible body part that the largest land animal uses to pick things up is called a,14,jacobian_lens,6, part, called,0
example_002,animal-nose-elephant,animal-nose,Fact: The long flexible body part that the largest land animal uses to pick things up is called a,14,jacobian_lens,7, that, used,1
example_002,animal-nose-elephant,animal-nose,Fact: The long flexible body part that the largest land animal uses to pick things up is called a,14,jacobian_lens,8, the, humans,0
example_002,animal-nose-elephant,animal-nose,Fact: The long flexible body part that the largest land animal uses to pick things up is called a,14,jacobian_lens,9, largest, largest,0
example_002,animal-nose-elephant,animal-nose,Fact: The long flexible body part that the largest land animal uses to pick things up is called a,14,jacobian_lens,10, land, land,0
example_002,animal-nose-elephant,animal-nose,Fact: The long flexible body part that the largest land animal uses to pick things up is called a,14,jacobian_lens,11, animal, animal,0
example_002,animal-nose-elephant,animal-nose,Fact: The long flexible body part that the largest land animal uses to pick things up is called a,14,jacobian_lens,12, uses, uses,0
example_002,animal-nose-elephant,animal-nose,Fact: The long flexible body part that the largest land animal uses to pick things up is called a,14,jacobian_lens,13, to, transport,0
example_002,animal-nose-elephant,animal-nose,Fact: The long flexible body part that the largest land animal uses to pick things up is called a,14,jacobian_lens,14, pick,pick,0
example_002,animal-nose-elephant,animal-nose,Fact: The long flexible body part that the largest land animal uses to pick things up is called a,14,jacobian_lens,15, things, things,0
example_002,animal-nose-elephant,animal-nose,Fact: The long flexible body part that the largest land animal uses to pick things up is called a,14,jacobian_lens,16, up, pickup,0
example_002,animal-nose-elephant,animal-nose,Fact: The long flexible body part that the largest land animal uses to pick things up is called a,14,jacobian_lens,17, is, called,6
example_002,animal-nose-elephant,animal-nose,Fact: The long flexible body part that the largest land animal uses to pick things up is called a,14,jacobian_lens,18, called,叫什么,17
example_002,animal-nose-elephant,animal-nose,Fact: The long flexible body part that the largest land animal uses to pick things up is called a,14,jacobian_lens,19, a, shovel,37
example_002,animal-nose-elephant,animal-nose,Fact: The long flexible body part that the largest land animal uses to pick things up is called a,15,jacobian_lens,0,Fact, Fact,0
example_002,animal-nose-elephant,animal-nose,Fact: The long flexible body part that the largest land animal uses to pick things up is called a,15,jacobian_lens,1,:, Fact,0
example_002,animal-nose-elephant,animal-nose,Fact: The long flexible body part that the largest land animal uses to pick things up is called a,15,jacobian_lens,2, The, University,0
example_002,animal-nose-elephant,animal-nose,Fact: The long flexible body part that the largest land animal uses to pick things up is called a,15,jacobian_lens,3, long,ness,4
example_002,animal-nose-elephant,animal-nose,Fact: The long flexible body part that the largest land animal uses to pick things up is called a,15,jacobian_lens,4, flexible, flexible,0
example_002,animal-nose-elephant,animal-nose,Fact: The long flexible body part that the largest land animal uses to pick things up is called a,15,jacobian_lens,5, body,body,1
example_002,animal-nose-elephant,animal-nose,Fact: The long flexible body part that the largest land animal uses to pick things up is called a,15,jacobian_lens,6, part, called,0
example_002,animal-nose-elephant,animal-nose,Fact: The long flexible body part that the largest land animal uses to pick things up is called a,15,jacobian_lens,7, that, used,0
example_002,animal-nose-elephant,animal-nose,Fact: The long flexible body part that the largest land animal uses to pick things up is called a,15,jacobian_lens,8, the, humans,0
example_002,animal-nose-elephant,animal-nose,Fact: The long flexible body part that the largest land animal uses to pick things up is called a,15,jacobian_lens,9, largest, largest,1
example_002,animal-nose-elephant,animal-nose,Fact: The long flexible body part that the largest land animal uses to pick things up is called a,15,jacobian_lens,10, land, mammals,0
example_002,animal-nose-elephant,animal-nose,Fact: The long flexible body part that the largest land animal uses to pick things up is called a,15,jacobian_lens,11, animal, animals,0
example_002,animal-nose-elephant,animal-nose,Fact: The long flexible body part that the largest land animal uses to pick things up is called a,15,jacobian_lens,12, uses, equipment,4
example_002,animal-nose-elephant,animal-nose,Fact: The long flexible body part that the largest land animal uses to pick things up is called a,15,jacobian_lens,13, to, transport,0
example_002,animal-nose-elephant,animal-nose,Fact: The long flexible body part that the largest land animal uses to pick things up is called a,15,jacobian_lens,14, pick,pick,0
example_002,animal-nose-elephant,animal-nose,Fact: The long flexible body part that the largest land animal uses to pick things up is called a,15,jacobian_lens,15, things, things,0
example_002,animal-nose-elephant,animal-nose,Fact: The long flexible body part that the largest land animal uses to pick things up is called a,15,jacobian_lens,16, up, pickup,0
example_002,animal-nose-elephant,animal-nose,Fact: The long flexible body part that the largest land animal uses to pick things up is called a,15,jacobian_lens,17, is, called,1
example_002,animal-nose-elephant,animal-nose,Fact: The long flexible body part that the largest land animal uses to pick things up is called a,15,jacobian_lens,18, called,叫什么,84
example_002,animal-nose-elephant,animal-nose,Fact: The long flexible body part that the largest land animal uses to pick things up is called a,15,jacobian_lens,19, a, leash,34
example_002,animal-nose-elephant,animal-nose,Fact: The long flexible body part that the largest land animal uses to pick things up is called a,16,jacobian_lens,0,Fact, Fact,0
example_002,animal-nose-elephant,animal-nose,Fact: The long flexible body part that the largest land animal uses to pick things up is called a,16,jacobian_lens,1,:, Humans,0
example_002,animal-nose-elephant,animal-nose,Fact: The long flexible body part that the largest land animal uses to pick things up is called a,16,jacobian_lens,2, The, University,0
example_002,animal-nose-elephant,animal-nose,Fact: The long flexible body part that the largest land animal uses to pick things up is called a,16,jacobian_lens,3, long,ness,3
example_002,animal-nose-elephant,animal-nose,Fact: The long flexible body part that the largest land animal uses to pick things up is called a,16,jacobian_lens,4, flexible, flexible,0
example_002,animal-nose-elephant,animal-nose,Fact: The long flexible body part that the largest land animal uses to pick things up is called a,16,jacobian_lens,5, body,guard,1
example_002,animal-nose-elephant,animal-nose,Fact: The long flexible body part that the largest land animal uses to pick things up is called a,16,jacobian_lens,6, part, of,1
example_002,animal-nose-elephant,animal-nose,Fact: The long flexible body part that the largest land animal uses to pick things up is called a,16,jacobian_lens,7, that, muscles,0
example_002,animal-nose-elephant,animal-nose,Fact: The long flexible body part that the largest land animal uses to pick things up is called a,16,jacobian_lens,8, the, muscles,0
example_002,animal-nose-elephant,animal-nose,Fact: The long flexible body part that the largest land animal uses to pick things up is called a,16,jacobian_lens,9, largest, sizes,0
example_002,animal-nose-elephant,animal-nose,Fact: The long flexible body part that the largest land animal uses to pick things up is called a,16,jacobian_lens,10, land, animals,0
example_002,animal-nose-elephant,animal-nose,Fact: The long flexible body part that the largest land animal uses to pick things up is called a,16,jacobian_lens,11, animal, animals,0
example_002,animal-nose-elephant,animal-nose,Fact: The long flexible body part that the largest land animal uses to pick things up is called a,16,jacobian_lens,12, uses, to,0
example_002,animal-nose-elephant,animal-nose,Fact: The long flexible body part that the largest land animal uses to pick things up is called a,16,jacobian_lens,13, to, communicate,0
example_002,animal-nose-elephant,animal-nose,Fact: The long flexible body part that the largest land animal uses to pick things up is called a,16,jacobian_lens,14, pick,pick,0
example_002,animal-nose-elephant,animal-nose,Fact: The long flexible body part that the largest land animal uses to pick things up is called a,16,jacobian_lens,15, things, like,0
example_002,animal-nose-elephant,animal-nose,Fact: The long flexible body part that the largest land animal uses to pick things up is called a,16,jacobian_lens,16, up, from,1
example_002,animal-nose-elephant,animal-nose,Fact: The long flexible body part that the largest land animal uses to pick things up is called a,16,jacobian_lens,17, is, called,0
example_002,animal-nose-elephant,animal-nose,Fact: The long flexible body part that the largest land animal uses to pick things up is called a,16,jacobian_lens,18, called,叫什么,115
example_002,animal-nose-elephant,animal-nose,Fact: The long flexible body part that the largest land animal uses to pick things up is called a,16,jacobian_lens,19, a, claws,0
example_002,animal-nose-elephant,animal-nose,Fact: The long flexible body part that the largest land animal uses to pick things up is called a,17,jacobian_lens,0,Fact, Fact,0
example_002,animal-nose-elephant,animal-nose,Fact: The long flexible body part that the largest land animal uses to pick things up is called a,17,jacobian_lens,1,:, Humans,0
example_002,animal-nose-elephant,animal-nose,Fact: The long flexible body part that the largest land animal uses to pick things up is called a,17,jacobian_lens,2, The, Pentagon,0
example_002,animal-nose-elephant,animal-nose,Fact: The long flexible body part that the largest land animal uses to pick things up is called a,17,jacobian_lens,3, long,long,2
example_002,animal-nose-elephant,animal-nose,Fact: The long flexible body part that the largest land animal uses to pick things up is called a,17,jacobian_lens,4, flexible, flexible,0
example_002,animal-nose-elephant,animal-nose,Fact: The long flexible body part that the largest land animal uses to pick things up is called a,17,jacobian_lens,5, body,body,1
example_002,animal-nose-elephant,animal-nose,Fact: The long flexible body part that the largest land animal uses to pick things up is called a,17,jacobian_lens,6, part, called,0
example_002,animal-nose-elephant,animal-nose,Fact: The long flexible body part that the largest land animal uses to pick things up is called a,17,jacobian_lens,7, that, connects,0
example_002,animal-nose-elephant,animal-nose,Fact: The long flexible body part that the largest land animal uses to pick things up is called a,17,jacobian_lens,8, the, muscles,0
example_002,animal-nose-elephant,animal-nose,Fact: The long flexible body part that the largest land animal uses to pick things up is called a,17,jacobian_lens,9, largest, sizes,0
example_002,animal-nose-elephant,animal-nose,Fact: The long flexible body part that the largest land animal uses to pick things up is called a,17,jacobian_lens,10, land, animals,0
example_002,animal-nose-elephant,animal-nose,Fact: The long flexible body part that the largest land animal uses to pick things up is called a,17,jacobian_lens,11, animal, animal,0
example_002,animal-nose-elephant,animal-nose,Fact: The long flexible body part that the largest land animal uses to pick things up is called a,17,jacobian_lens,12, uses, to,0
example_002,animal-nose-elephant,animal-nose,Fact: The long flexible body part that the largest land animal uses to pick things up is called a,17,jacobian_lens,13, to, transport,0
example_002,animal-nose-elephant,animal-nose,Fact: The long flexible body part that the largest land animal uses to pick things up is called a,17,jacobian_lens,14, pick,pick,0
example_002,animal-nose-elephant,animal-nose,Fact: The long flexible body part that the largest land animal uses to pick things up is called a,17,jacobian_lens,15, things, snacks,0
example_002,animal-nose-elephant,animal-nose,Fact: The long flexible body part that the largest land animal uses to pick things up is called a,17,jacobian_lens,16, up, is,0
example_002,animal-nose-elephant,animal-nose,Fact: The long flexible body part that the largest land animal uses to pick things up is called a,17,jacobian_lens,17, is, called,0
example_002,animal-nose-elephant,animal-nose,Fact: The long flexible body part that the largest land animal uses to pick things up is called a,17,jacobian_lens,18, called, belly,31
example_002,animal-nose-elephant,animal-nose,Fact: The long flexible body part that the largest land animal uses to pick things up is called a,17,jacobian_lens,19, a, claws,0
example_002,animal-nose-elephant,animal-nose,Fact: The long flexible body part that the largest land animal uses to pick things up is called a,18,jacobian_lens,0,Fact, Fact,0
example_002,animal-nose-elephant,animal-nose,Fact: The long flexible body part that the largest land animal uses to pick things up is called a,18,jacobian_lens,1,:, Humans,0
example_002,animal-nose-elephant,animal-nose,Fact: The long flexible body part that the largest land animal uses to pick things up is called a,18,jacobian_lens,2, The, Largest,0
example_002,animal-nose-elephant,animal-nose,Fact: The long flexible body part that the largest land animal uses to pick things up is called a,18,jacobian_lens,3, long,long,2
example_002,animal-nose-elephant,animal-nose,Fact: The long flexible body part that the largest land animal uses to pick things up is called a,18,jacobian_lens,4, flexible, flexible,0
example_002,animal-nose-elephant,animal-nose,Fact: The long flexible body part that the largest land animal uses to pick things up is called a,18,jacobian_lens,5, body,body,2
example_002,animal-nose-elephant,animal-nose,Fact: The long flexible body part that the largest land animal uses to pick things up is called a,18,jacobian_lens,6, part, muscles,0
example_002,animal-nose-elephant,animal-nose,Fact: The long flexible body part that the largest land animal uses to pick things up is called a,18,jacobian_lens,7, that, connects,0
example_002,animal-nose-elephant,animal-nose,Fact: The long flexible body part that the largest land animal uses to pick things up is called a,18,jacobian_lens,8, the, muscles,0
example_002,animal-nose-elephant,animal-nose,Fact: The long flexible body part that the largest land animal uses to pick things up is called a,18,jacobian_lens,9, largest, animal,0
example_002,animal-nose-elephant,animal-nose,Fact: The long flexible body part that the largest land animal uses to pick things up is called a,18,jacobian_lens,10, land, animals,0
example_002,animal-nose-elephant,animal-nose,Fact: The long flexible body part that the largest land animal uses to pick things up is called a,18,jacobian_lens,11, animal, animal,0
example_002,animal-nose-elephant,animal-nose,Fact: The long flexible body part that the largest land animal uses to pick things up is called a,18,jacobian_lens,12, uses, to,0
example_002,animal-nose-elephant,animal-nose,Fact: The long flexible body part that the largest land animal uses to pick things up is called a,18,jacobian_lens,13, to, navigate,0
example_002,animal-nose-elephant,animal-nose,Fact: The long flexible body part that the largest land animal uses to pick things up is called a,18,jacobian_lens,14, pick,pick,0
example_002,animal-nose-elephant,animal-nose,Fact: The long flexible body part that the largest land animal uses to pick things up is called a,18,jacobian_lens,15, things, from,0
example_002,animal-nose-elephant,animal-nose,Fact: The long flexible body part that the largest land animal uses to pick things up is called a,18,jacobian_lens,16, up,lift,0
example_002,animal-nose-elephant,animal-nose,Fact: The long flexible body part that the largest land animal uses to pick things up is called a,18,jacobian_lens,17, is, called,0
example_002,animal-nose-elephant,animal-nose,Fact: The long flexible body part that the largest land animal uses to pick things up is called a,18,jacobian_lens,18, called, penis,17
example_002,animal-nose-elephant,animal-nose,Fact: The long flexible body part that the largest land animal uses to pick things up is called a,18,jacobian_lens,19, a, claws,0
example_002,animal-nose-elephant,animal-nose,Fact: The long flexible body part that the largest land animal uses to pick things up is called a,19,jacobian_lens,0,Fact,oring,3
example_002,animal-nose-elephant,animal-nose,Fact: The long flexible body part that the largest land animal uses to pick things up is called a,19,jacobian_lens,1,:, Humans,0
example_002,animal-nose-elephant,animal-nose,Fact: The long flexible body part that the largest land animal uses to pick things up is called a,19,jacobian_lens,2, The, Pentagon,0
example_002,animal-nose-elephant,animal-nose,Fact: The long flexible body part that the largest land animal uses to pick things up is called a,19,jacobian_lens,3, long, long,2
example_002,animal-nose-elephant,animal-nose,Fact: The long flexible body part that the largest land animal uses to pick things up is called a,19,jacobian_lens,4, flexible, cables,0
example_002,animal-nose-elephant,animal-nose,Fact: The long flexible body part that the largest land animal uses to pick things up is called a,19,jacobian_lens,5, body,parts,0
example_002,animal-nose-elephant,animal-nose,Fact: The long flexible body part that the largest land animal uses to pick things up is called a,19,jacobian_lens,6, part, of,0
example_002,animal-nose-elephant,animal-nose,Fact: The long flexible body part that the largest land animal uses to pick things up is called a,19,jacobian_lens,7, that, connects,0
example_002,animal-nose-elephant,animal-nose,Fact: The long flexible body part that the largest land animal uses to pick things up is called a,19,jacobian_lens,8, the, muscles,0
example_002,animal-nose-elephant,animal-nose,Fact: The long flexible body part that the largest land animal uses to pick things up is called a,19,jacobian_lens,9, largest, animal,0
example_002,animal-nose-elephant,animal-nose,Fact: The long flexible body part that the largest land animal uses to pick things up is called a,19,jacobian_lens,10, land, animals,0
example_002,animal-nose-elephant,animal-nose,Fact: The long flexible body part that the largest land animal uses to pick things up is called a,19,jacobian_lens,11, animal, eats,0
example_002,animal-nose-elephant,animal-nose,Fact: The long flexible body part that the largest land animal uses to pick things up is called a,19,jacobian_lens,12, uses, to,0
example_002,animal-nose-elephant,animal-nose,Fact: The long flexible body part that the largest land animal uses to pick things up is called a,19,jacobian_lens,13, to, navigate,0
example_002,animal-nose-elephant,animal-nose,Fact: The long flexible body part that the largest land animal uses to pick things up is called a,19,jacobian_lens,14, pick, up,0
example_002,animal-nose-elephant,animal-nose,Fact: The long flexible body part that the largest land animal uses to pick things up is called a,19,jacobian_lens,15, things, eats,0
example_002,animal-nose-elephant,animal-nose,Fact: The long flexible body part that the largest land animal uses to pick things up is called a,19,jacobian_lens,16, up, is,0
example_002,animal-nose-elephant,animal-nose,Fact: The long flexible body part that the largest land animal uses to pick things up is called a,19,jacobian_lens,17, is, called,0
example_002,animal-nose-elephant,animal-nose,Fact: The long flexible body part that the largest land animal uses to pick things up is called a,19,jacobian_lens,18, called, claws,7
example_002,animal-nose-elephant,animal-nose,Fact: The long flexible body part that the largest land animal uses to pick things up is called a,19,jacobian_lens,19, a, claws,0
example_002,animal-nose-elephant,animal-nose,Fact: The long flexible body part that the largest land animal uses to pick things up is called a,20,jacobian_lens,0,Fact,oring,0
example_002,animal-nose-elephant,animal-nose,Fact: The long flexible body part that the largest land animal uses to pick things up is called a,20,jacobian_lens,1,:, Humans,0
example_002,animal-nose-elephant,animal-nose,Fact: The long flexible body part that the largest land animal uses to pick things up is called a,20,jacobian_lens,2, The, World,0
example_002,animal-nose-elephant,animal-nose,Fact: The long flexible body part that the largest land animal uses to pick things up is called a,20,jacobian_lens,3, long, term,1
example_002,animal-nose-elephant,animal-nose,Fact: The long flexible body part that the largest land animal uses to pick things up is called a,20,jacobian_lens,4, flexible, cables,0
example_002,animal-nose-elephant,animal-nose,Fact: The long flexible body part that the largest land animal uses to pick things up is called a,20,jacobian_lens,5, body, segments,0
example_002,animal-nose-elephant,animal-nose,Fact: The long flexible body part that the largest land animal uses to pick things up is called a,20,jacobian_lens,6, part, of,0
example_002,animal-nose-elephant,animal-nose,Fact: The long flexible body part that the largest land animal uses to pick things up is called a,20,jacobian_lens,7, that, connects,0
example_002,animal-nose-elephant,animal-nose,Fact: The long flexible body part that the largest land animal uses to pick things up is called a,20,jacobian_lens,8, the, muscles,0
example_002,animal-nose-elephant,animal-nose,Fact: The long flexible body part that the largest land animal uses to pick things up is called a,20,jacobian_lens,9, largest, animal,0
example_002,animal-nose-elephant,animal-nose,Fact: The long flexible body part that the largest land animal uses to pick things up is called a,20,jacobian_lens,10, land, animals,0
example_002,animal-nose-elephant,animal-nose,Fact: The long flexible body part that the largest land animal uses to pick things up is called a,20,jacobian_lens,11, animal, eats,0
example_002,animal-nose-elephant,animal-nose,Fact: The long flexible body part that the largest land animal uses to pick things up is called a,20,jacobian_lens,12, uses, to,0
example_002,animal-nose-elephant,animal-nose,Fact: The long flexible body part that the largest land animal uses to pick things up is called a,20,jacobian_lens,13, to, navigate,0
example_002,animal-nose-elephant,animal-nose,Fact: The long flexible body part that the largest land animal uses to pick things up is called a,20,jacobian_lens,14, pick, up,0
example_002,animal-nose-elephant,animal-nose,Fact: The long flexible body part that the largest land animal uses to pick things up is called a,20,jacobian_lens,15, things, up,0
example_002,animal-nose-elephant,animal-nose,Fact: The long flexible body part that the largest land animal uses to pick things up is called a,20,jacobian_lens,16, up, is,0
example_002,animal-nose-elephant,animal-nose,Fact: The long flexible body part that the largest land animal uses to pick things up is called a,20,jacobian_lens,17, is, called,0
example_002,animal-nose-elephant,animal-nose,Fact: The long flexible body part that the largest land animal uses to pick things up is called a,20,jacobian_lens,18, called, claws,6
example_002,animal-nose-elephant,animal-nose,Fact: The long flexible body part that the largest land animal uses to pick things up is called a,20,jacobian_lens,19, a, claws,0
example_002,animal-nose-elephant,animal-nose,Fact: The long flexible body part that the largest land animal uses to pick things up is called a,21,jacobian_lens,0,Fact,oring,1
example_002,animal-nose-elephant,animal-nose,Fact: The long flexible body part that the largest land animal uses to pick things up is called a,21,jacobian_lens,1,:, Humans,0
example_002,animal-nose-elephant,animal-nose,Fact: The long flexible body part that the largest land animal uses to pick things up is called a,21,jacobian_lens,2, The, average,0
example_002,animal-nose-elephant,animal-nose,Fact: The long flexible body part that the largest land animal uses to pick things up is called a,21,jacobian_lens,3, long, term,1
example_002,animal-nose-elephant,animal-nose,Fact: The long flexible body part that the largest land animal uses to pick things up is called a,21,jacobian_lens,4, flexible, cable,0
example_002,animal-nose-elephant,animal-nose,Fact: The long flexible body part that the largest land animal uses to pick things up is called a,21,jacobian_lens,5, body, parts,0
example_002,animal-nose-elephant,animal-nose,Fact: The long flexible body part that the largest land animal uses to pick things up is called a,21,jacobian_lens,6, part, of,0
example_002,animal-nose-elephant,animal-nose,Fact: The long flexible body part that the largest land animal uses to pick things up is called a,21,jacobian_lens,7, that, connects,0
example_002,animal-nose-elephant,animal-nose,Fact: The long flexible body part that the largest land animal uses to pick things up is called a,21,jacobian_lens,8, the, muscles,0
example_002,animal-nose-elephant,animal-nose,Fact: The long flexible body part that the largest land animal uses to pick things up is called a,21,jacobian_lens,9, largest, animal,0
example_002,animal-nose-elephant,animal-nose,Fact: The long flexible body part that the largest land animal uses to pick things up is called a,21,jacobian_lens,10, land, animals,0
example_002,animal-nose-elephant,animal-nose,Fact: The long flexible body part that the largest land animal uses to pick things up is called a,21,jacobian_lens,11, animal, eats,0
example_002,animal-nose-elephant,animal-nose,Fact: The long flexible body part that the largest land animal uses to pick things up is called a,21,jacobian_lens,12, uses, to,0
example_002,animal-nose-elephant,animal-nose,Fact: The long flexible body part that the largest land animal uses to pick things up is called a,21,jacobian_lens,13, to, move,0
example_002,animal-nose-elephant,animal-nose,Fact: The long flexible body part that the largest land animal uses to pick things up is called a,21,jacobian_lens,14, pick, up,0
example_002,animal-nose-elephant,animal-nose,Fact: The long flexible body part that the largest land animal uses to pick things up is called a,21,jacobian_lens,15, things, up,0
example_002,animal-nose-elephant,animal-nose,Fact: The long flexible body part that the largest land animal uses to pick things up is called a,21,jacobian_lens,16, up, is,0
example_002,animal-nose-elephant,animal-nose,Fact: The long flexible body part that the largest land animal uses to pick things up is called a,21,jacobian_lens,17, is, called,0
example_002,animal-nose-elephant,animal-nose,Fact: The long flexible body part that the largest land animal uses to pick things up is called a,21,jacobian_lens,18, called, claws,20
example_002,animal-nose-elephant,animal-nose,Fact: The long flexible body part that the largest land animal uses to pick things up is called a,21,jacobian_lens,19, a, claws,1
example_002,animal-nose-elephant,animal-nose,Fact: The long flexible body part that the largest land animal uses to pick things up is called a,22,jacobian_lens,0,Fact,oring,0
example_002,animal-nose-elephant,animal-nose,Fact: The long flexible body part that the largest land animal uses to pick things up is called a,22,jacobian_lens,1,:, The,0
example_002,animal-nose-elephant,animal-nose,Fact: The long flexible body part that the largest land animal uses to pick things up is called a,22,jacobian_lens,2, The, United,0
example_002,animal-nose-elephant,animal-nose,Fact: The long flexible body part that the largest land animal uses to pick things up is called a,22,jacobian_lens,3, long, term,3
example_002,animal-nose-elephant,animal-nose,Fact: The long flexible body part that the largest land animal uses to pick things up is called a,22,jacobian_lens,4, flexible, cable,0
example_002,animal-nose-elephant,animal-nose,Fact: The long flexible body part that the largest land animal uses to pick things up is called a,22,jacobian_lens,5, body, parts,1
example_002,animal-nose-elephant,animal-nose,Fact: The long flexible body part that the largest land animal uses to pick things up is called a,22,jacobian_lens,6, part, of,0
example_002,animal-nose-elephant,animal-nose,Fact: The long flexible body part that the largest land animal uses to pick things up is called a,22,jacobian_lens,7, that, connects,0
example_002,animal-nose-elephant,animal-nose,Fact: The long flexible body part that the largest land animal uses to pick things up is called a,22,jacobian_lens,8, the, brain,0
example_002,animal-nose-elephant,animal-nose,Fact: The long flexible body part that the largest land animal uses to pick things up is called a,22,jacobian_lens,9, largest, animal,0
example_002,animal-nose-elephant,animal-nose,Fact: The long flexible body part that the largest land animal uses to pick things up is called a,22,jacobian_lens,10, land, animal,0
example_002,animal-nose-elephant,animal-nose,Fact: The long flexible body part that the largest land animal uses to pick things up is called a,22,jacobian_lens,11, animal, eats,0
example_002,animal-nose-elephant,animal-nose,Fact: The long flexible body part that the largest land animal uses to pick things up is called a,22,jacobian_lens,12, uses, to,0
example_002,animal-nose-elephant,animal-nose,Fact: The long flexible body part that the largest land animal uses to pick things up is called a,22,jacobian_lens,13, to, breathe,0
example_002,animal-nose-elephant,animal-nose,Fact: The long flexible body part that the largest land animal uses to pick things up is called a,22,jacobian_lens,14, pick, up,0
example_002,animal-nose-elephant,animal-nose,Fact: The long flexible body part that the largest land animal uses to pick things up is called a,22,jacobian_lens,15, things, up,0
example_002,animal-nose-elephant,animal-nose,Fact: The long flexible body part that the largest land animal uses to pick things up is called a,22,jacobian_lens,16, up, is,0
example_002,animal-nose-elephant,animal-nose,Fact: The long flexible body part that the largest land animal uses to pick things up is called a,22,jacobian_lens,17, is, called,0
example_002,animal-nose-elephant,animal-nose,Fact: The long flexible body part that the largest land animal uses to pick things up is called a,22,jacobian_lens,18, called, a,7
example_002,animal-nose-elephant,animal-nose,Fact: The long flexible body part that the largest land animal uses to pick things up is called a,22,jacobian_lens,19, a, paw,9
example_002,animal-nose-elephant,animal-nose,Fact: The long flexible body part that the largest land animal uses to pick things up is called a,23,model_output,0,Fact,oring,1
example_002,animal-nose-elephant,animal-nose,Fact: The long flexible body part that the largest land animal uses to pick things up is called a,23,model_output,1,:, The,0
example_002,animal-nose-elephant,animal-nose,Fact: The long flexible body part that the largest land animal uses to pick things up is called a,23,model_output,2, The, number,0
example_002,animal-nose-elephant,animal-nose,Fact: The long flexible body part that the largest land animal uses to pick things up is called a,23,model_output,3, long, term,1
example_002,animal-nose-elephant,animal-nose,Fact: The long flexible body part that the largest land animal uses to pick things up is called a,23,model_output,4, flexible, cable,0
example_002,animal-nose-elephant,animal-nose,Fact: The long flexible body part that the largest land animal uses to pick things up is called a,23,model_output,5, body, of,0
example_002,animal-nose-elephant,animal-nose,Fact: The long flexible body part that the largest land animal uses to pick things up is called a,23,model_output,6, part, of,0
example_002,animal-nose-elephant,animal-nose,Fact: The long flexible body part that the largest land animal uses to pick things up is called a,23,model_output,7, that, is,0
example_002,animal-nose-elephant,animal-nose,Fact: The long flexible body part that the largest land animal uses to pick things up is called a,23,model_output,8, the, brain,0
example_002,animal-nose-elephant,animal-nose,Fact: The long flexible body part that the largest land animal uses to pick things up is called a,23,model_output,9, largest, of,0
example_002,animal-nose-elephant,animal-nose,Fact: The long flexible body part that the largest land animal uses to pick things up is called a,23,model_output,10, land, animal,1
example_002,animal-nose-elephant,animal-nose,Fact: The long flexible body part that the largest land animal uses to pick things up is called a,23,model_output,11, animal, is,0
example_002,animal-nose-elephant,animal-nose,Fact: The long flexible body part that the largest land animal uses to pick things up is called a,23,model_output,12, uses, to,0
example_002,animal-nose-elephant,animal-nose,Fact: The long flexible body part that the largest land animal uses to pick things up is called a,23,model_output,13, to, move,0
example_002,animal-nose-elephant,animal-nose,Fact: The long flexible body part that the largest land animal uses to pick things up is called a,23,model_output,14, pick, up,0
example_002,animal-nose-elephant,animal-nose,Fact: The long flexible body part that the largest land animal uses to pick things up is called a,23,model_output,15, things, up,0
example_002,animal-nose-elephant,animal-nose,Fact: The long flexible body part that the largest land animal uses to pick things up is called a,23,model_output,16, up, is,0
example_002,animal-nose-elephant,animal-nose,Fact: The long flexible body part that the largest land animal uses to pick things up is called a,23,model_output,17, is, called,0
example_002,animal-nose-elephant,animal-nose,Fact: The long flexible body part that the largest land animal uses to pick things up is called a,23,model_output,18, called, a,0
example_002,animal-nose-elephant,animal-nose,Fact: The long flexible body part that the largest land animal uses to pick things up is called a,23,model_output,19, a, tail,7
example_003,bird-country-eagle,bird-country,Fact: The country whose national emblem is the bird with the white head on the Great Seal is,0,jacobian_lens,0,Fact, Fact,0
example_003,bird-country-eagle,bird-country,Fact: The country whose national emblem is the bird with the white head on the Great Seal is,0,jacobian_lens,1,:,colon,61
example_003,bird-country-eagle,bird-country,Fact: The country whose national emblem is the bird with the white head on the Great Seal is,0,jacobian_lens,2, The,e,0
example_003,bird-country-eagle,bird-country,Fact: The country whose national emblem is the bird with the white head on the Great Seal is,0,jacobian_lens,3, country, country,1
example_003,bird-country-eagle,bird-country,Fact: The country whose national emblem is the bird with the white head on the Great Seal is,0,jacobian_lens,4, whose, connexion,3
example_003,bird-country-eagle,bird-country,Fact: The country whose national emblem is the bird with the white head on the Great Seal is,0,jacobian_lens,5, national, national,0
example_003,bird-country-eagle,bird-country,Fact: The country whose national emblem is the bird with the white head on the Great Seal is,0,jacobian_lens,6, emblem, emblem,0
example_003,bird-country-eagle,bird-country,Fact: The country whose national emblem is the bird with the white head on the Great Seal is,0,jacobian_lens,7, is, being,0
example_003,bird-country-eagle,bird-country,Fact: The country whose national emblem is the bird with the white head on the Great Seal is,0,jacobian_lens,8, the, name,0
example_003,bird-country-eagle,bird-country,Fact: The country whose national emblem is the bird with the white head on the Great Seal is,0,jacobian_lens,9, bird, bird,0
example_003,bird-country-eagle,bird-country,Fact: The country whose national emblem is the bird with the white head on the Great Seal is,0,jacobian_lens,10, with,er,1
example_003,bird-country-eagle,bird-country,Fact: The country whose national emblem is the bird with the white head on the Great Seal is,0,jacobian_lens,11, the, sea,0
example_003,bird-country-eagle,bird-country,Fact: The country whose national emblem is the bird with the white head on the Great Seal is,0,jacobian_lens,12, white, white,0
example_003,bird-country-eagle,bird-country,Fact: The country whose national emblem is the bird with the white head on the Great Seal is,0,jacobian_lens,13, head, head,0
example_003,bird-country-eagle,bird-country,Fact: The country whose national emblem is the bird with the white head on the Great Seal is,0,jacobian_lens,14, on,screen,1
example_003,bird-country-eagle,bird-country,Fact: The country whose national emblem is the bird with the white head on the Great Seal is,0,jacobian_lens,15, the, sea,0
example_003,bird-country-eagle,bird-country,Fact: The country whose national emblem is the bird with the white head on the Great Seal is,0,jacobian_lens,16, Great,s,0
example_003,bird-country-eagle,bird-country,Fact: The country whose national emblem is the bird with the white head on the Great Seal is,0,jacobian_lens,17, Seal, Seal,0
example_003,bird-country-eagle,bird-country,Fact: The country whose national emblem is the bird with the white head on the Great Seal is,0,jacobian_lens,18, is, being,0
example_003,bird-country-eagle,bird-country,Fact: The country whose national emblem is the bird with the white head on the Great Seal is,1,jacobian_lens,0,Fact, Fact,0
example_003,bird-country-eagle,bird-country,Fact: The country whose national emblem is the bird with the white head on the Great Seal is,1,jacobian_lens,1,:,flu,29
example_003,bird-country-eagle,bird-country,Fact: The country whose national emblem is the bird with the white head on the Great Seal is,1,jacobian_lens,2, The, Crown,0
example_003,bird-country-eagle,bird-country,Fact: The country whose national emblem is the bird with the white head on the Great Seal is,1,jacobian_lens,3, country, country,0
example_003,bird-country-eagle,bird-country,Fact: The country whose national emblem is the bird with the white head on the Great Seal is,1,jacobian_lens,4, whose, فى,4
example_003,bird-country-eagle,bird-country,Fact: The country whose national emblem is the bird with the white head on the Great Seal is,1,jacobian_lens,5, national, national,0
example_003,bird-country-eagle,bird-country,Fact: The country whose national emblem is the bird with the white head on the Great Seal is,1,jacobian_lens,6, emblem, emblem,0
example_003,bird-country-eagle,bird-country,Fact: The country whose national emblem is the bird with the white head on the Great Seal is,1,jacobian_lens,7, is, being,0
example_003,bird-country-eagle,bird-country,Fact: The country whose national emblem is the bird with the white head on the Great Seal is,1,jacobian_lens,8, the, series,0
example_003,bird-country-eagle,bird-country,Fact: The country whose national emblem is the bird with the white head on the Great Seal is,1,jacobian_lens,9, bird, bird,0
example_003,bird-country-eagle,bird-country,Fact: The country whose national emblem is the bird with the white head on the Great Seal is,1,jacobian_lens,10, with,er,1
example_003,bird-country-eagle,bird-country,Fact: The country whose national emblem is the bird with the white head on the Great Seal is,1,jacobian_lens,11, the,kh,0
example_003,bird-country-eagle,bird-country,Fact: The country whose national emblem is the bird with the white head on the Great Seal is,1,jacobian_lens,12, white, white,0
example_003,bird-country-eagle,bird-country,Fact: The country whose national emblem is the bird with the white head on the Great Seal is,1,jacobian_lens,13, head, head,0
example_003,bird-country-eagle,bird-country,Fact: The country whose national emblem is the bird with the white head on the Great Seal is,1,jacobian_lens,14, on,screen,1
example_003,bird-country-eagle,bird-country,Fact: The country whose national emblem is the bird with the white head on the Great Seal is,1,jacobian_lens,15, the, sea,1
example_003,bird-country-eagle,bird-country,Fact: The country whose national emblem is the bird with the white head on the Great Seal is,1,jacobian_lens,16, Great, Great,1
example_003,bird-country-eagle,bird-country,Fact: The country whose national emblem is the bird with the white head on the Great Seal is,1,jacobian_lens,17, Seal, Seal,0
example_003,bird-country-eagle,bird-country,Fact: The country whose national emblem is the bird with the white head on the Great Seal is,1,jacobian_lens,18, is, being,1
example_003,bird-country-eagle,bird-country,Fact: The country whose national emblem is the bird with the white head on the Great Seal is,2,jacobian_lens,0,Fact, Fact,0
example_003,bird-country-eagle,bird-country,Fact: The country whose national emblem is the bird with the white head on the Great Seal is,2,jacobian_lens,1,:,黄花,10
example_003,bird-country-eagle,bird-country,Fact: The country whose national emblem is the bird with the white head on the Great Seal is,2,jacobian_lens,2, The, Forest,0
example_003,bird-country-eagle,bird-country,Fact: The country whose national emblem is the bird with the white head on the Great Seal is,2,jacobian_lens,3, country, country,0
example_003,bird-country-eagle,bird-country,Fact: The country whose national emblem is the bird with the white head on the Great Seal is,2,jacobian_lens,4, whose, whose,0
example_003,bird-country-eagle,bird-country,Fact: The country whose national emblem is the bird with the white head on the Great Seal is,2,jacobian_lens,5, national, national,0
example_003,bird-country-eagle,bird-country,Fact: The country whose national emblem is the bird with the white head on the Great Seal is,2,jacobian_lens,6, emblem, emblem,0
example_003,bird-country-eagle,bird-country,Fact: The country whose national emblem is the bird with the white head on the Great Seal is,2,jacobian_lens,7, is, being,0
example_003,bird-country-eagle,bird-country,Fact: The country whose national emblem is the bird with the white head on the Great Seal is,2,jacobian_lens,8, the, mother,0
example_003,bird-country-eagle,bird-country,Fact: The country whose national emblem is the bird with the white head on the Great Seal is,2,jacobian_lens,9, bird, bird,0
example_003,bird-country-eagle,bird-country,Fact: The country whose national emblem is the bird with the white head on the Great Seal is,2,jacobian_lens,10, with,er,0
example_003,bird-country-eagle,bird-country,Fact: The country whose national emblem is the bird with the white head on the Great Seal is,2,jacobian_lens,11, the, photos,0
example_003,bird-country-eagle,bird-country,Fact: The country whose national emblem is the bird with the white head on the Great Seal is,2,jacobian_lens,12, white, white,0
example_003,bird-country-eagle,bird-country,Fact: The country whose national emblem is the bird with the white head on the Great Seal is,2,jacobian_lens,13, head,head,0
example_003,bird-country-eagle,bird-country,Fact: The country whose national emblem is the bird with the white head on the Great Seal is,2,jacobian_lens,14, on,screen,0
example_003,bird-country-eagle,bird-country,Fact: The country whose national emblem is the bird with the white head on the Great Seal is,2,jacobian_lens,15, the, south,0
example_003,bird-country-eagle,bird-country,Fact: The country whose national emblem is the bird with the white head on the Great Seal is,2,jacobian_lens,16, Great, Great,0
example_003,bird-country-eagle,bird-country,Fact: The country whose national emblem is the bird with the white head on the Great Seal is,2,jacobian_lens,17, Seal, Seal,0
example_003,bird-country-eagle,bird-country,Fact: The country whose national emblem is the bird with the white head on the Great Seal is,2,jacobian_lens,18, is, being,2
example_003,bird-country-eagle,bird-country,Fact: The country whose national emblem is the bird with the white head on the Great Seal is,3,jacobian_lens,0,Fact, Fact,0
example_003,bird-country-eagle,bird-country,Fact: The country whose national emblem is the bird with the white head on the Great Seal is,3,jacobian_lens,1,:, NYT,24
example_003,bird-country-eagle,bird-country,Fact: The country whose national emblem is the bird with the white head on the Great Seal is,3,jacobian_lens,2, The, Forest,1
example_003,bird-country-eagle,bird-country,Fact: The country whose national emblem is the bird with the white head on the Great Seal is,3,jacobian_lens,3, country, country,0
example_003,bird-country-eagle,bird-country,Fact: The country whose national emblem is the bird with the white head on the Great Seal is,3,jacobian_lens,4, whose, neighbouring,2
example_003,bird-country-eagle,bird-country,Fact: The country whose national emblem is the bird with the white head on the Great Seal is,3,jacobian_lens,5, national, national,0
example_003,bird-country-eagle,bird-country,Fact: The country whose national emblem is the bird with the white head on the Great Seal is,3,jacobian_lens,6, emblem, emblem,0
example_003,bird-country-eagle,bird-country,Fact: The country whose national emblem is the bird with the white head on the Great Seal is,3,jacobian_lens,7, is, being,0
example_003,bird-country-eagle,bird-country,Fact: The country whose national emblem is the bird with the white head on the Great Seal is,3,jacobian_lens,8, the,gypt,0
example_003,bird-country-eagle,bird-country,Fact: The country whose national emblem is the bird with the white head on the Great Seal is,3,jacobian_lens,9, bird, bird,0
example_003,bird-country-eagle,bird-country,Fact: The country whose national emblem is the bird with the white head on the Great Seal is,3,jacobian_lens,10, with,er,6
example_003,bird-country-eagle,bird-country,Fact: The country whose national emblem is the bird with the white head on the Great Seal is,3,jacobian_lens,11, the, roots,0
example_003,bird-country-eagle,bird-country,Fact: The country whose national emblem is the bird with the white head on the Great Seal is,3,jacobian_lens,12, white, white,0
example_003,bird-country-eagle,bird-country,Fact: The country whose national emblem is the bird with the white head on the Great Seal is,3,jacobian_lens,13, head, head,0
example_003,bird-country-eagle,bird-country,Fact: The country whose national emblem is the bird with the white head on the Great Seal is,3,jacobian_lens,14, on,screen,4
example_003,bird-country-eagle,bird-country,Fact: The country whose national emblem is the bird with the white head on the Great Seal is,3,jacobian_lens,15, the, sea,1
example_003,bird-country-eagle,bird-country,Fact: The country whose national emblem is the bird with the white head on the Great Seal is,3,jacobian_lens,16, Great, Great,0
example_003,bird-country-eagle,bird-country,Fact: The country whose national emblem is the bird with the white head on the Great Seal is,3,jacobian_lens,17, Seal, Seal,0
example_003,bird-country-eagle,bird-country,Fact: The country whose national emblem is the bird with the white head on the Great Seal is,3,jacobian_lens,18, is, being,1
example_003,bird-country-eagle,bird-country,Fact: The country whose national emblem is the bird with the white head on the Great Seal is,4,jacobian_lens,0,Fact, Fact,0
example_003,bird-country-eagle,bird-country,Fact: The country whose national emblem is the bird with the white head on the Great Seal is,4,jacobian_lens,1,:, NYT,17
example_003,bird-country-eagle,bird-country,Fact: The country whose national emblem is the bird with the white head on the Great Seal is,4,jacobian_lens,2, The, Crown,3
example_003,bird-country-eagle,bird-country,Fact: The country whose national emblem is the bird with the white head on the Great Seal is,4,jacobian_lens,3, country, country,0
example_003,bird-country-eagle,bird-country,Fact: The country whose national emblem is the bird with the white head on the Great Seal is,4,jacobian_lens,4, whose, colours,3
example_003,bird-country-eagle,bird-country,Fact: The country whose national emblem is the bird with the white head on the Great Seal is,4,jacobian_lens,5, national, national,0
example_003,bird-country-eagle,bird-country,Fact: The country whose national emblem is the bird with the white head on the Great Seal is,4,jacobian_lens,6, emblem, emblem,0
example_003,bird-country-eagle,bird-country,Fact: The country whose national emblem is the bird with the white head on the Great Seal is,4,jacobian_lens,7, is, being,0
example_003,bird-country-eagle,bird-country,Fact: The country whose national emblem is the bird with the white head on the Great Seal is,4,jacobian_lens,8, the, American,0
example_003,bird-country-eagle,bird-country,Fact: The country whose national emblem is the bird with the white head on the Great Seal is,4,jacobian_lens,9, bird, bird,0
example_003,bird-country-eagle,bird-country,Fact: The country whose national emblem is the bird with the white head on the Great Seal is,4,jacobian_lens,10, with,er,2
example_003,bird-country-eagle,bird-country,Fact: The country whose national emblem is the bird with the white head on the Great Seal is,4,jacobian_lens,11, the, photos,1
example_003,bird-country-eagle,bird-country,Fact: The country whose national emblem is the bird with the white head on the Great Seal is,4,jacobian_lens,12, white, white,0
example_003,bird-country-eagle,bird-country,Fact: The country whose national emblem is the bird with the white head on the Great Seal is,4,jacobian_lens,13, head, head,0
example_003,bird-country-eagle,bird-country,Fact: The country whose national emblem is the bird with the white head on the Great Seal is,4,jacobian_lens,14, on, on,5
example_003,bird-country-eagle,bird-country,Fact: The country whose national emblem is the bird with the white head on the Great Seal is,4,jacobian_lens,15, the, south,0
example_003,bird-country-eagle,bird-country,Fact: The country whose national emblem is the bird with the white head on the Great Seal is,4,jacobian_lens,16, Great, Great,0
example_003,bird-country-eagle,bird-country,Fact: The country whose national emblem is the bird with the white head on the Great Seal is,4,jacobian_lens,17, Seal, Seal,0
example_003,bird-country-eagle,bird-country,Fact: The country whose national emblem is the bird with the white head on the Great Seal is,4,jacobian_lens,18, is, being,2
example_003,bird-country-eagle,bird-country,Fact: The country whose national emblem is the bird with the white head on the Great Seal is,5,jacobian_lens,0,Fact, Fact,0
example_003,bird-country-eagle,bird-country,Fact: The country whose national emblem is the bird with the white head on the Great Seal is,5,jacobian_lens,1,:, Fact,9
example_003,bird-country-eagle,bird-country,Fact: The country whose national emblem is the bird with the white head on the Great Seal is,5,jacobian_lens,2, The, Crown,0
example_003,bird-country-eagle,bird-country,Fact: The country whose national emblem is the bird with the white head on the Great Seal is,5,jacobian_lens,3, country, country,0
example_003,bird-country-eagle,bird-country,Fact: The country whose national emblem is the bird with the white head on the Great Seal is,5,jacobian_lens,4, whose, neighbouring,1
example_003,bird-country-eagle,bird-country,Fact: The country whose national emblem is the bird with the white head on the Great Seal is,5,jacobian_lens,5, national, national,0
example_003,bird-country-eagle,bird-country,Fact: The country whose national emblem is the bird with the white head on the Great Seal is,5,jacobian_lens,6, emblem, emblem,0
example_003,bird-country-eagle,bird-country,Fact: The country whose national emblem is the bird with the white head on the Great Seal is,5,jacobian_lens,7, is, is,0
example_003,bird-country-eagle,bird-country,Fact: The country whose national emblem is the bird with the white head on the Great Seal is,5,jacobian_lens,8, the, national,0
example_003,bird-country-eagle,bird-country,Fact: The country whose national emblem is the bird with the white head on the Great Seal is,5,jacobian_lens,9, bird, bird,0
example_003,bird-country-eagle,bird-country,Fact: The country whose national emblem is the bird with the white head on the Great Seal is,5,jacobian_lens,10, with, photos,1
example_003,bird-country-eagle,bird-country,Fact: The country whose national emblem is the bird with the white head on the Great Seal is,5,jacobian_lens,11, the, photos,0
example_003,bird-country-eagle,bird-country,Fact: The country whose national emblem is the bird with the white head on the Great Seal is,5,jacobian_lens,12, white, white,0
example_003,bird-country-eagle,bird-country,Fact: The country whose national emblem is the bird with the white head on the Great Seal is,5,jacobian_lens,13, head,head,0
example_003,bird-country-eagle,bird-country,Fact: The country whose national emblem is the bird with the white head on the Great Seal is,5,jacobian_lens,14, on, wearing,0
example_003,bird-country-eagle,bird-country,Fact: The country whose national emblem is the bird with the white head on the Great Seal is,5,jacobian_lens,15, the, photo,0
example_003,bird-country-eagle,bird-country,Fact: The country whose national emblem is the bird with the white head on the Great Seal is,5,jacobian_lens,16, Great, Great,0
example_003,bird-country-eagle,bird-country,Fact: The country whose national emblem is the bird with the white head on the Great Seal is,5,jacobian_lens,17, Seal, Seal,0
example_003,bird-country-eagle,bird-country,Fact: The country whose national emblem is the bird with the white head on the Great Seal is,5,jacobian_lens,18, is, also,2
example_003,bird-country-eagle,bird-country,Fact: The country whose national emblem is the bird with the white head on the Great Seal is,6,jacobian_lens,0,Fact, itself,0
example_003,bird-country-eagle,bird-country,Fact: The country whose national emblem is the bird with the white head on the Great Seal is,6,jacobian_lens,1,:, Fact,2
example_003,bird-country-eagle,bird-country,Fact: The country whose national emblem is the bird with the white head on the Great Seal is,6,jacobian_lens,2, The, Crown,0
example_003,bird-country-eagle,bird-country,Fact: The country whose national emblem is the bird with the white head on the Great Seal is,6,jacobian_lens,3, country, country,0
example_003,bird-country-eagle,bird-country,Fact: The country whose national emblem is the bird with the white head on the Great Seal is,6,jacobian_lens,4, whose, neighbouring,0
example_003,bird-country-eagle,bird-country,Fact: The country whose national emblem is the bird with the white head on the Great Seal is,6,jacobian_lens,5, national, national,0
example_003,bird-country-eagle,bird-country,Fact: The country whose national emblem is the bird with the white head on the Great Seal is,6,jacobian_lens,6, emblem, emblem,0
example_003,bird-country-eagle,bird-country,Fact: The country whose national emblem is the bird with the white head on the Great Seal is,6,jacobian_lens,7, is, flag,0
example_003,bird-country-eagle,bird-country,Fact: The country whose national emblem is the bird with the white head on the Great Seal is,6,jacobian_lens,8, the, national,0
example_003,bird-country-eagle,bird-country,Fact: The country whose national emblem is the bird with the white head on the Great Seal is,6,jacobian_lens,9, bird, bird,0
example_003,bird-country-eagle,bird-country,Fact: The country whose national emblem is the bird with the white head on the Great Seal is,6,jacobian_lens,10, with, photos,0
example_003,bird-country-eagle,bird-country,Fact: The country whose national emblem is the bird with the white head on the Great Seal is,6,jacobian_lens,11, the, photos,0
example_003,bird-country-eagle,bird-country,Fact: The country whose national emblem is the bird with the white head on the Great Seal is,6,jacobian_lens,12, white, white,0
example_003,bird-country-eagle,bird-country,Fact: The country whose national emblem is the bird with the white head on the Great Seal is,6,jacobian_lens,13, head, heads,0
example_003,bird-country-eagle,bird-country,Fact: The country whose national emblem is the bird with the white head on the Great Seal is,6,jacobian_lens,14, on, wearing,0
example_003,bird-country-eagle,bird-country,Fact: The country whose national emblem is the bird with the white head on the Great Seal is,6,jacobian_lens,15, the, photo,0
example_003,bird-country-eagle,bird-country,Fact: The country whose national emblem is the bird with the white head on the Great Seal is,6,jacobian_lens,16, Great, Great,0
example_003,bird-country-eagle,bird-country,Fact: The country whose national emblem is the bird with the white head on the Great Seal is,6,jacobian_lens,17, Seal, Seal,0
example_003,bird-country-eagle,bird-country,Fact: The country whose national emblem is the bird with the white head on the Great Seal is,6,jacobian_lens,18, is, flag,1
example_003,bird-country-eagle,bird-country,Fact: The country whose national emblem is the bird with the white head on the Great Seal is,7,jacobian_lens,0,Fact, Fact,0
example_003,bird-country-eagle,bird-country,Fact: The country whose national emblem is the bird with the white head on the Great Seal is,7,jacobian_lens,1,:, Fact,1
example_003,bird-country-eagle,bird-country,Fact: The country whose national emblem is the bird with the white head on the Great Seal is,7,jacobian_lens,2, The, Crown,0
example_003,bird-country-eagle,bird-country,Fact: The country whose national emblem is the bird with the white head on the Great Seal is,7,jacobian_lens,3, country, country,0
example_003,bird-country-eagle,bird-country,Fact: The country whose national emblem is the bird with the white head on the Great Seal is,7,jacobian_lens,4, whose, colours,1
example_003,bird-country-eagle,bird-country,Fact: The country whose national emblem is the bird with the white head on the Great Seal is,7,jacobian_lens,5, national, national,0
example_003,bird-country-eagle,bird-country,Fact: The country whose national emblem is the bird with the white head on the Great Seal is,7,jacobian_lens,6, emblem, emblem,0
example_003,bird-country-eagle,bird-country,Fact: The country whose national emblem is the bird with the white head on the Great Seal is,7,jacobian_lens,7, is, renov,0
example_003,bird-country-eagle,bird-country,Fact: The country whose national emblem is the bird with the white head on the Great Seal is,7,jacobian_lens,8, the, national,0
example_003,bird-country-eagle,bird-country,Fact: The country whose national emblem is the bird with the white head on the Great Seal is,7,jacobian_lens,9, bird, bird,0
example_003,bird-country-eagle,bird-country,Fact: The country whose national emblem is the bird with the white head on the Great Seal is,7,jacobian_lens,10, with, photos,0
example_003,bird-country-eagle,bird-country,Fact: The country whose national emblem is the bird with the white head on the Great Seal is,7,jacobian_lens,11, the, photos,0
example_003,bird-country-eagle,bird-country,Fact: The country whose national emblem is the bird with the white head on the Great Seal is,7,jacobian_lens,12, white, white,0
example_003,bird-country-eagle,bird-country,Fact: The country whose national emblem is the bird with the white head on the Great Seal is,7,jacobian_lens,13, head, heads,0
example_003,bird-country-eagle,bird-country,Fact: The country whose national emblem is the bird with the white head on the Great Seal is,7,jacobian_lens,14, on, wearing,0
example_003,bird-country-eagle,bird-country,Fact: The country whose national emblem is the bird with the white head on the Great Seal is,7,jacobian_lens,15, the, photo,0
example_003,bird-country-eagle,bird-country,Fact: The country whose national emblem is the bird with the white head on the Great Seal is,7,jacobian_lens,16, Great, Great,0
example_003,bird-country-eagle,bird-country,Fact: The country whose national emblem is the bird with the white head on the Great Seal is,7,jacobian_lens,17, Seal, Seal,0
example_003,bird-country-eagle,bird-country,Fact: The country whose national emblem is the bird with the white head on the Great Seal is,7,jacobian_lens,18, is, country,1
example_003,bird-country-eagle,bird-country,Fact: The country whose national emblem is the bird with the white head on the Great Seal is,8,jacobian_lens,0,Fact,adro,0
example_003,bird-country-eagle,bird-country,Fact: The country whose national emblem is the bird with the white head on the Great Seal is,8,jacobian_lens,1,:, Fact,0
example_003,bird-country-eagle,bird-country,Fact: The country whose national emblem is the bird with the white head on the Great Seal is,8,jacobian_lens,2, The, Crown,1
example_003,bird-country-eagle,bird-country,Fact: The country whose national emblem is the bird with the white head on the Great Seal is,8,jacobian_lens,3, country, country,0
example_003,bird-country-eagle,bird-country,Fact: The country whose national emblem is the bird with the white head on the Great Seal is,8,jacobian_lens,4, whose, kingdoms,2
example_003,bird-country-eagle,bird-country,Fact: The country whose national emblem is the bird with the white head on the Great Seal is,8,jacobian_lens,5, national, national,0
example_003,bird-country-eagle,bird-country,Fact: The country whose national emblem is the bird with the white head on the Great Seal is,8,jacobian_lens,6, emblem, emblem,0
example_003,bird-country-eagle,bird-country,Fact: The country whose national emblem is the bird with the white head on the Great Seal is,8,jacobian_lens,7, is, photograph,0
example_003,bird-country-eagle,bird-country,Fact: The country whose national emblem is the bird with the white head on the Great Seal is,8,jacobian_lens,8, the, photograph,0
example_003,bird-country-eagle,bird-country,Fact: The country whose national emblem is the bird with the white head on the Great Seal is,8,jacobian_lens,9, bird, bird,0
example_003,bird-country-eagle,bird-country,Fact: The country whose national emblem is the bird with the white head on the Great Seal is,8,jacobian_lens,10, with, photos,0
example_003,bird-country-eagle,bird-country,Fact: The country whose national emblem is the bird with the white head on the Great Seal is,8,jacobian_lens,11, the, photos,0
example_003,bird-country-eagle,bird-country,Fact: The country whose national emblem is the bird with the white head on the Great Seal is,8,jacobian_lens,12, white, white,0
example_003,bird-country-eagle,bird-country,Fact: The country whose national emblem is the bird with the white head on the Great Seal is,8,jacobian_lens,13, head, heads,0
example_003,bird-country-eagle,bird-country,Fact: The country whose national emblem is the bird with the white head on the Great Seal is,8,jacobian_lens,14, on, worn,0
example_003,bird-country-eagle,bird-country,Fact: The country whose national emblem is the bird with the white head on the Great Seal is,8,jacobian_lens,15, the, photo,0
example_003,bird-country-eagle,bird-country,Fact: The country whose national emblem is the bird with the white head on the Great Seal is,8,jacobian_lens,16, Great, Great,0
example_003,bird-country-eagle,bird-country,Fact: The country whose national emblem is the bird with the white head on the Great Seal is,8,jacobian_lens,17, Seal, Seal,0
example_003,bird-country-eagle,bird-country,Fact: The country whose national emblem is the bird with the white head on the Great Seal is,8,jacobian_lens,18, is, continent,0
example_003,bird-country-eagle,bird-country,Fact: The country whose national emblem is the bird with the white head on the Great Seal is,9,jacobian_lens,0,Fact, Property,0
example_003,bird-country-eagle,bird-country,Fact: The country whose national emblem is the bird with the white head on the Great Seal is,9,jacobian_lens,1,:, Facts,0
example_003,bird-country-eagle,bird-country,Fact: The country whose national emblem is the bird with the white head on the Great Seal is,9,jacobian_lens,2, The, Science,1
example_003,bird-country-eagle,bird-country,Fact: The country whose national emblem is the bird with the white head on the Great Seal is,9,jacobian_lens,3, country, countries,0
example_003,bird-country-eagle,bird-country,Fact: The country whose national emblem is the bird with the white head on the Great Seal is,9,jacobian_lens,4, whose, kingdoms,6
example_003,bird-country-eagle,bird-country,Fact: The country whose national emblem is the bird with the white head on the Great Seal is,9,jacobian_lens,5, national, national,0
example_003,bird-country-eagle,bird-country,Fact: The country whose national emblem is the bird with the white head on the Great Seal is,9,jacobian_lens,6, emblem, emblem,0
example_003,bird-country-eagle,bird-country,Fact: The country whose national emblem is the bird with the white head on the Great Seal is,9,jacobian_lens,7, is, coins,0
example_003,bird-country-eagle,bird-country,Fact: The country whose national emblem is the bird with the white head on the Great Seal is,9,jacobian_lens,8, the, photograph,0
example_003,bird-country-eagle,bird-country,Fact: The country whose national emblem is the bird with the white head on the Great Seal is,9,jacobian_lens,9, bird, bird,0
example_003,bird-country-eagle,bird-country,Fact: The country whose national emblem is the bird with the white head on the Great Seal is,9,jacobian_lens,10, with, photos,0
example_003,bird-country-eagle,bird-country,Fact: The country whose national emblem is the bird with the white head on the Great Seal is,9,jacobian_lens,11, the, photos,0
example_003,bird-country-eagle,bird-country,Fact: The country whose national emblem is the bird with the white head on the Great Seal is,9,jacobian_lens,12, white, white,0
example_003,bird-country-eagle,bird-country,Fact: The country whose national emblem is the bird with the white head on the Great Seal is,9,jacobian_lens,13, head, heads,0
example_003,bird-country-eagle,bird-country,Fact: The country whose national emblem is the bird with the white head on the Great Seal is,9,jacobian_lens,14, on, wearing,0
example_003,bird-country-eagle,bird-country,Fact: The country whose national emblem is the bird with the white head on the Great Seal is,9,jacobian_lens,15, the, photo,0
example_003,bird-country-eagle,bird-country,Fact: The country whose national emblem is the bird with the white head on the Great Seal is,9,jacobian_lens,16, Great, Great,1
example_003,bird-country-eagle,bird-country,Fact: The country whose national emblem is the bird with the white head on the Great Seal is,9,jacobian_lens,17, Seal, Seal,0
example_003,bird-country-eagle,bird-country,Fact: The country whose national emblem is the bird with the white head on the Great Seal is,9,jacobian_lens,18, is, flag,0
example_003,bird-country-eagle,bird-country,Fact: The country whose national emblem is the bird with the white head on the Great Seal is,10,jacobian_lens,0,Fact,eur,0
example_003,bird-country-eagle,bird-country,Fact: The country whose national emblem is the bird with the white head on the Great Seal is,10,jacobian_lens,1,:, Facts,1
example_003,bird-country-eagle,bird-country,Fact: The country whose national emblem is the bird with the white head on the Great Seal is,10,jacobian_lens,2, The, People,1
example_003,bird-country-eagle,bird-country,Fact: The country whose national emblem is the bird with the white head on the Great Seal is,10,jacobian_lens,3, country, countries,0
example_003,bird-country-eagle,bird-country,Fact: The country whose national emblem is the bird with the white head on the Great Seal is,10,jacobian_lens,4, whose, nickname,14
example_003,bird-country-eagle,bird-country,Fact: The country whose national emblem is the bird with the white head on the Great Seal is,10,jacobian_lens,5, national, national,0
example_003,bird-country-eagle,bird-country,Fact: The country whose national emblem is the bird with the white head on the Great Seal is,10,jacobian_lens,6, emblem, emblem,0
example_003,bird-country-eagle,bird-country,Fact: The country whose national emblem is the bird with the white head on the Great Seal is,10,jacobian_lens,7, is, photograph,0
example_003,bird-country-eagle,bird-country,Fact: The country whose national emblem is the bird with the white head on the Great Seal is,10,jacobian_lens,8, the, photograph,0
example_003,bird-country-eagle,bird-country,Fact: The country whose national emblem is the bird with the white head on the Great Seal is,10,jacobian_lens,9, bird, bird,0
example_003,bird-country-eagle,bird-country,Fact: The country whose national emblem is the bird with the white head on the Great Seal is,10,jacobian_lens,10, with, photos,0
example_003,bird-country-eagle,bird-country,Fact: The country whose national emblem is the bird with the white head on the Great Seal is,10,jacobian_lens,11, the, photos,0
example_003,bird-country-eagle,bird-country,Fact: The country whose national emblem is the bird with the white head on the Great Seal is,10,jacobian_lens,12, white, white,0
example_003,bird-country-eagle,bird-country,Fact: The country whose national emblem is the bird with the white head on the Great Seal is,10,jacobian_lens,13, head, head,1
example_003,bird-country-eagle,bird-country,Fact: The country whose national emblem is the bird with the white head on the Great Seal is,10,jacobian_lens,14, on,鹰,0
example_003,bird-country-eagle,bird-country,Fact: The country whose national emblem is the bird with the white head on the Great Seal is,10,jacobian_lens,15, the, eagle,0
example_003,bird-country-eagle,bird-country,Fact: The country whose national emblem is the bird with the white head on the Great Seal is,10,jacobian_lens,16, Great, Great,0
example_003,bird-country-eagle,bird-country,Fact: The country whose national emblem is the bird with the white head on the Great Seal is,10,jacobian_lens,17, Seal, Seal,0
example_003,bird-country-eagle,bird-country,Fact: The country whose national emblem is the bird with the white head on the Great Seal is,10,jacobian_lens,18, is, country,0
example_003,bird-country-eagle,bird-country,Fact: The country whose national emblem is the bird with the white head on the Great Seal is,11,jacobian_lens,0,Fact, Fact,1
example_003,bird-country-eagle,bird-country,Fact: The country whose national emblem is the bird with the white head on the Great Seal is,11,jacobian_lens,1,:, Facts,0
example_003,bird-country-eagle,bird-country,Fact: The country whose national emblem is the bird with the white head on the Great Seal is,11,jacobian_lens,2, The, British,2
example_003,bird-country-eagle,bird-country,Fact: The country whose national emblem is the bird with the white head on the Great Seal is,11,jacobian_lens,3, country, countries,0
example_003,bird-country-eagle,bird-country,Fact: The country whose national emblem is the bird with the white head on the Great Seal is,11,jacobian_lens,4, whose, nickname,8
example_003,bird-country-eagle,bird-country,Fact: The country whose national emblem is the bird with the white head on the Great Seal is,11,jacobian_lens,5, national, national,0
example_003,bird-country-eagle,bird-country,Fact: The country whose national emblem is the bird with the white head on the Great Seal is,11,jacobian_lens,6, emblem, emblem,0
example_003,bird-country-eagle,bird-country,Fact: The country whose national emblem is the bird with the white head on the Great Seal is,11,jacobian_lens,7, is, photograph,0
example_003,bird-country-eagle,bird-country,Fact: The country whose national emblem is the bird with the white head on the Great Seal is,11,jacobian_lens,8, the, photograph,0
example_003,bird-country-eagle,bird-country,Fact: The country whose national emblem is the bird with the white head on the Great Seal is,11,jacobian_lens,9, bird, bird,0
example_003,bird-country-eagle,bird-country,Fact: The country whose national emblem is the bird with the white head on the Great Seal is,11,jacobian_lens,10, with, photos,0
example_003,bird-country-eagle,bird-country,Fact: The country whose national emblem is the bird with the white head on the Great Seal is,11,jacobian_lens,11, the, photos,0
example_003,bird-country-eagle,bird-country,Fact: The country whose national emblem is the bird with the white head on the Great Seal is,11,jacobian_lens,12, white, white,0
example_003,bird-country-eagle,bird-country,Fact: The country whose national emblem is the bird with the white head on the Great Seal is,11,jacobian_lens,13, head,head,2
example_003,bird-country-eagle,bird-country,Fact: The country whose national emblem is the bird with the white head on the Great Seal is,11,jacobian_lens,14, on, Eagle,0
example_003,bird-country-eagle,bird-country,Fact: The country whose national emblem is the bird with the white head on the Great Seal is,11,jacobian_lens,15, the, eagle,0
example_003,bird-country-eagle,bird-country,Fact: The country whose national emblem is the bird with the white head on the Great Seal is,11,jacobian_lens,16, Great, Great,1
example_003,bird-country-eagle,bird-country,Fact: The country whose national emblem is the bird with the white head on the Great Seal is,11,jacobian_lens,17, Seal, Seal,0
example_003,bird-country-eagle,bird-country,Fact: The country whose national emblem is the bird with the white head on the Great Seal is,11,jacobian_lens,18, is, country,0
example_003,bird-country-eagle,bird-country,Fact: The country whose national emblem is the bird with the white head on the Great Seal is,12,jacobian_lens,0,Fact, Fact,0
example_003,bird-country-eagle,bird-country,Fact: The country whose national emblem is the bird with the white head on the Great Seal is,12,jacobian_lens,1,:, Fact,0
example_003,bird-country-eagle,bird-country,Fact: The country whose national emblem is the bird with the white head on the Great Seal is,12,jacobian_lens,2, The, British,2
example_003,bird-country-eagle,bird-country,Fact: The country whose national emblem is the bird with the white head on the Great Seal is,12,jacobian_lens,3, country, countries,0
example_003,bird-country-eagle,bird-country,Fact: The country whose national emblem is the bird with the white head on the Great Seal is,12,jacobian_lens,4, whose, nickname,8
example_003,bird-country-eagle,bird-country,Fact: The country whose national emblem is the bird with the white head on the Great Seal is,12,jacobian_lens,5, national, national,0
example_003,bird-country-eagle,bird-country,Fact: The country whose national emblem is the bird with the white head on the Great Seal is,12,jacobian_lens,6, emblem, emblem,0
example_003,bird-country-eagle,bird-country,Fact: The country whose national emblem is the bird with the white head on the Great Seal is,12,jacobian_lens,7, is, photograph,0
example_003,bird-country-eagle,bird-country,Fact: The country whose national emblem is the bird with the white head on the Great Seal is,12,jacobian_lens,8, the, photograph,0
example_003,bird-country-eagle,bird-country,Fact: The country whose national emblem is the bird with the white head on the Great Seal is,12,jacobian_lens,9, bird, bird,0
example_003,bird-country-eagle,bird-country,Fact: The country whose national emblem is the bird with the white head on the Great Seal is,12,jacobian_lens,10, with, photos,0
example_003,bird-country-eagle,bird-country,Fact: The country whose national emblem is the bird with the white head on the Great Seal is,12,jacobian_lens,11, the, photos,0
example_003,bird-country-eagle,bird-country,Fact: The country whose national emblem is the bird with the white head on the Great Seal is,12,jacobian_lens,12, white, white,0
example_003,bird-country-eagle,bird-country,Fact: The country whose national emblem is the bird with the white head on the Great Seal is,12,jacobian_lens,13, head,head,0
example_003,bird-country-eagle,bird-country,Fact: The country whose national emblem is the bird with the white head on the Great Seal is,12,jacobian_lens,14, on, worn,1
example_003,bird-country-eagle,bird-country,Fact: The country whose national emblem is the bird with the white head on the Great Seal is,12,jacobian_lens,15, the, eagle,0
example_003,bird-country-eagle,bird-country,Fact: The country whose national emblem is the bird with the white head on the Great Seal is,12,jacobian_lens,16, Great, Great,0
example_003,bird-country-eagle,bird-country,Fact: The country whose national emblem is the bird with the white head on the Great Seal is,12,jacobian_lens,17, Seal, Seal,0
example_003,bird-country-eagle,bird-country,Fact: The country whose national emblem is the bird with the white head on the Great Seal is,12,jacobian_lens,18, is, country,2
example_003,bird-country-eagle,bird-country,Fact: The country whose national emblem is the bird with the white head on the Great Seal is,13,jacobian_lens,0,Fact, Fact,0
example_003,bird-country-eagle,bird-country,Fact: The country whose national emblem is the bird with the white head on the Great Seal is,13,jacobian_lens,1,:, Fact,0
example_003,bird-country-eagle,bird-country,Fact: The country whose national emblem is the bird with the white head on the Great Seal is,13,jacobian_lens,2, The, Museum,1
example_003,bird-country-eagle,bird-country,Fact: The country whose national emblem is the bird with the white head on the Great Seal is,13,jacobian_lens,3, country, countries,0
example_003,bird-country-eagle,bird-country,Fact: The country whose national emblem is the bird with the white head on the Great Seal is,13,jacobian_lens,4, whose, nickname,8
example_003,bird-country-eagle,bird-country,Fact: The country whose national emblem is the bird with the white head on the Great Seal is,13,jacobian_lens,5, national, national,0
example_003,bird-country-eagle,bird-country,Fact: The country whose national emblem is the bird with the white head on the Great Seal is,13,jacobian_lens,6, emblem, emblem,0
example_003,bird-country-eagle,bird-country,Fact: The country whose national emblem is the bird with the white head on the Great Seal is,13,jacobian_lens,7, is, photograph,0
example_003,bird-country-eagle,bird-country,Fact: The country whose national emblem is the bird with the white head on the Great Seal is,13,jacobian_lens,8, the, photograph,0
example_003,bird-country-eagle,bird-country,Fact: The country whose national emblem is the bird with the white head on the Great Seal is,13,jacobian_lens,9, bird, bird,0
example_003,bird-country-eagle,bird-country,Fact: The country whose national emblem is the bird with the white head on the Great Seal is,13,jacobian_lens,10, with, photos,0
example_003,bird-country-eagle,bird-country,Fact: The country whose national emblem is the bird with the white head on the Great Seal is,13,jacobian_lens,11, the, photos,0
example_003,bird-country-eagle,bird-country,Fact: The country whose national emblem is the bird with the white head on the Great Seal is,13,jacobian_lens,12, white, white,0
example_003,bird-country-eagle,bird-country,Fact: The country whose national emblem is the bird with the white head on the Great Seal is,13,jacobian_lens,13, head,head,1
example_003,bird-country-eagle,bird-country,Fact: The country whose national emblem is the bird with the white head on the Great Seal is,13,jacobian_lens,14, on, Mount,10
example_003,bird-country-eagle,bird-country,Fact: The country whose national emblem is the bird with the white head on the Great Seal is,13,jacobian_lens,15, the, eagle,0
example_003,bird-country-eagle,bird-country,Fact: The country whose national emblem is the bird with the white head on the Great Seal is,13,jacobian_lens,16, Great, Great,0
example_003,bird-country-eagle,bird-country,Fact: The country whose national emblem is the bird with the white head on the Great Seal is,13,jacobian_lens,17, Seal, Seal,0
example_003,bird-country-eagle,bird-country,Fact: The country whose national emblem is the bird with the white head on the Great Seal is,13,jacobian_lens,18, is, United,2
example_003,bird-country-eagle,bird-country,Fact: The country whose national emblem is the bird with the white head on the Great Seal is,14,jacobian_lens,0,Fact,dpa,0
example_003,bird-country-eagle,bird-country,Fact: The country whose national emblem is the bird with the white head on the Great Seal is,14,jacobian_lens,1,:, Facts,0
example_003,bird-country-eagle,bird-country,Fact: The country whose national emblem is the bird with the white head on the Great Seal is,14,jacobian_lens,2, The, Tree,0
example_003,bird-country-eagle,bird-country,Fact: The country whose national emblem is the bird with the white head on the Great Seal is,14,jacobian_lens,3, country, countries,0
example_003,bird-country-eagle,bird-country,Fact: The country whose national emblem is the bird with the white head on the Great Seal is,14,jacobian_lens,4, whose, nickname,2
example_003,bird-country-eagle,bird-country,Fact: The country whose national emblem is the bird with the white head on the Great Seal is,14,jacobian_lens,5, national, national,1
example_003,bird-country-eagle,bird-country,Fact: The country whose national emblem is the bird with the white head on the Great Seal is,14,jacobian_lens,6, emblem, emblem,0
example_003,bird-country-eagle,bird-country,Fact: The country whose national emblem is the bird with the white head on the Great Seal is,14,jacobian_lens,7, is, photograph,0
example_003,bird-country-eagle,bird-country,Fact: The country whose national emblem is the bird with the white head on the Great Seal is,14,jacobian_lens,8, the, photograph,0
example_003,bird-country-eagle,bird-country,Fact: The country whose national emblem is the bird with the white head on the Great Seal is,14,jacobian_lens,9, bird, bird,0
example_003,bird-country-eagle,bird-country,Fact: The country whose national emblem is the bird with the white head on the Great Seal is,14,jacobian_lens,10, with, photos,5
example_003,bird-country-eagle,bird-country,Fact: The country whose national emblem is the bird with the white head on the Great Seal is,14,jacobian_lens,11, the, wings,0
example_003,bird-country-eagle,bird-country,Fact: The country whose national emblem is the bird with the white head on the Great Seal is,14,jacobian_lens,12, white, white,0
example_003,bird-country-eagle,bird-country,Fact: The country whose national emblem is the bird with the white head on the Great Seal is,14,jacobian_lens,13, head,head,1
example_003,bird-country-eagle,bird-country,Fact: The country whose national emblem is the bird with the white head on the Great Seal is,14,jacobian_lens,14, on, Mount,9
example_003,bird-country-eagle,bird-country,Fact: The country whose national emblem is the bird with the white head on the Great Seal is,14,jacobian_lens,15, the, eagle,0
example_003,bird-country-eagle,bird-country,Fact: The country whose national emblem is the bird with the white head on the Great Seal is,14,jacobian_lens,16, Great, Giant,0
example_003,bird-country-eagle,bird-country,Fact: The country whose national emblem is the bird with the white head on the Great Seal is,14,jacobian_lens,17, Seal, Seal,0
example_003,bird-country-eagle,bird-country,Fact: The country whose national emblem is the bird with the white head on the Great Seal is,14,jacobian_lens,18, is, Name,10
example_003,bird-country-eagle,bird-country,Fact: The country whose national emblem is the bird with the white head on the Great Seal is,15,jacobian_lens,0,Fact, Fact,0
example_003,bird-country-eagle,bird-country,Fact: The country whose national emblem is the bird with the white head on the Great Seal is,15,jacobian_lens,1,:, Fact,0
example_003,bird-country-eagle,bird-country,Fact: The country whose national emblem is the bird with the white head on the Great Seal is,15,jacobian_lens,2, The, University,0
example_003,bird-country-eagle,bird-country,Fact: The country whose national emblem is the bird with the white head on the Great Seal is,15,jacobian_lens,3, country, countries,0
example_003,bird-country-eagle,bird-country,Fact: The country whose national emblem is the bird with the white head on the Great Seal is,15,jacobian_lens,4, whose, name,0
example_003,bird-country-eagle,bird-country,Fact: The country whose national emblem is the bird with the white head on the Great Seal is,15,jacobian_lens,5, national, national,0
example_003,bird-country-eagle,bird-country,Fact: The country whose national emblem is the bird with the white head on the Great Seal is,15,jacobian_lens,6, emblem, symbol,0
example_003,bird-country-eagle,bird-country,Fact: The country whose national emblem is the bird with the white head on the Great Seal is,15,jacobian_lens,7, is, depicted,0
example_003,bird-country-eagle,bird-country,Fact: The country whose national emblem is the bird with the white head on the Great Seal is,15,jacobian_lens,8, the, eagle,0
example_003,bird-country-eagle,bird-country,Fact: The country whose national emblem is the bird with the white head on the Great Seal is,15,jacobian_lens,9, bird, bird,0
example_003,bird-country-eagle,bird-country,Fact: The country whose national emblem is the bird with the white head on the Great Seal is,15,jacobian_lens,10, with, wings,0
example_003,bird-country-eagle,bird-country,Fact: The country whose national emblem is the bird with the white head on the Great Seal is,15,jacobian_lens,11, the, wings,0
example_003,bird-country-eagle,bird-country,Fact: The country whose national emblem is the bird with the white head on the Great Seal is,15,jacobian_lens,12, white, white,3
example_003,bird-country-eagle,bird-country,Fact: The country whose national emblem is the bird with the white head on the Great Seal is,15,jacobian_lens,13, head,head,1
example_003,bird-country-eagle,bird-country,Fact: The country whose national emblem is the bird with the white head on the Great Seal is,15,jacobian_lens,14, on, blue,11
example_003,bird-country-eagle,bird-country,Fact: The country whose national emblem is the bird with the white head on the Great Seal is,15,jacobian_lens,15, the, blue,0
example_003,bird-country-eagle,bird-country,Fact: The country whose national emblem is the bird with the white head on the Great Seal is,15,jacobian_lens,16, Great,coat,1
example_003,bird-country-eagle,bird-country,Fact: The country whose national emblem is the bird with the white head on the Great Seal is,15,jacobian_lens,17, Seal, Seal,0
example_003,bird-country-eagle,bird-country,Fact: The country whose national emblem is the bird with the white head on the Great Seal is,15,jacobian_lens,18, is, Pakistan,14
example_003,bird-country-eagle,bird-country,Fact: The country whose national emblem is the bird with the white head on the Great Seal is,16,jacobian_lens,0,Fact, Fact,0
example_003,bird-country-eagle,bird-country,Fact: The country whose national emblem is the bird with the white head on the Great Seal is,16,jacobian_lens,1,:, Humans,0
example_003,bird-country-eagle,bird-country,Fact: The country whose national emblem is the bird with the white head on the Great Seal is,16,jacobian_lens,2, The, University,0
example_003,bird-country-eagle,bird-country,Fact: The country whose national emblem is the bird with the white head on the Great Seal is,16,jacobian_lens,3, country, countries,0
example_003,bird-country-eagle,bird-country,Fact: The country whose national emblem is the bird with the white head on the Great Seal is,16,jacobian_lens,4, whose, name,0
example_003,bird-country-eagle,bird-country,Fact: The country whose national emblem is the bird with the white head on the Great Seal is,16,jacobian_lens,5, national, national,0
example_003,bird-country-eagle,bird-country,Fact: The country whose national emblem is the bird with the white head on the Great Seal is,16,jacobian_lens,6, emblem, symbol,0
example_003,bird-country-eagle,bird-country,Fact: The country whose national emblem is the bird with the white head on the Great Seal is,16,jacobian_lens,7, is, symbol,0
example_003,bird-country-eagle,bird-country,Fact: The country whose national emblem is the bird with the white head on the Great Seal is,16,jacobian_lens,8, the, symbol,0
example_003,bird-country-eagle,bird-country,Fact: The country whose national emblem is the bird with the white head on the Great Seal is,16,jacobian_lens,9, bird, bird,0
example_003,bird-country-eagle,bird-country,Fact: The country whose national emblem is the bird with the white head on the Great Seal is,16,jacobian_lens,10, with, wings,0
example_003,bird-country-eagle,bird-country,Fact: The country whose national emblem is the bird with the white head on the Great Seal is,16,jacobian_lens,11, the, wings,0
example_003,bird-country-eagle,bird-country,Fact: The country whose national emblem is the bird with the white head on the Great Seal is,16,jacobian_lens,12, white, white,1
example_003,bird-country-eagle,bird-country,Fact: The country whose national emblem is the bird with the white head on the Great Seal is,16,jacobian_lens,13, head, and,2
example_003,bird-country-eagle,bird-country,Fact: The country whose national emblem is the bird with the white head on the Great Seal is,16,jacobian_lens,14, on, its,0
example_003,bird-country-eagle,bird-country,Fact: The country whose national emblem is the bird with the white head on the Great Seal is,16,jacobian_lens,15, the, wings,0
example_003,bird-country-eagle,bird-country,Fact: The country whose national emblem is the bird with the white head on the Great Seal is,16,jacobian_lens,16, Great, Pyramid,0
example_003,bird-country-eagle,bird-country,Fact: The country whose national emblem is the bird with the white head on the Great Seal is,16,jacobian_lens,17, Seal, Seal,0
example_003,bird-country-eagle,bird-country,Fact: The country whose national emblem is the bird with the white head on the Great Seal is,16,jacobian_lens,18, is, Honduras,0
example_003,bird-country-eagle,bird-country,Fact: The country whose national emblem is the bird with the white head on the Great Seal is,17,jacobian_lens,0,Fact, Fact,0
example_003,bird-country-eagle,bird-country,Fact: The country whose national emblem is the bird with the white head on the Great Seal is,17,jacobian_lens,1,:, Humans,0
example_003,bird-country-eagle,bird-country,Fact: The country whose national emblem is the bird with the white head on the Great Seal is,17,jacobian_lens,2, The, Pentagon,0
example_003,bird-country-eagle,bird-country,Fact: The country whose national emblem is the bird with the white head on the Great Seal is,17,jacobian_lens,3, country, countries,0
example_003,bird-country-eagle,bird-country,Fact: The country whose national emblem is the bird with the white head on the Great Seal is,17,jacobian_lens,4, whose, headquarters,0
example_003,bird-country-eagle,bird-country,Fact: The country whose national emblem is the bird with the white head on the Great Seal is,17,jacobian_lens,5, national, national,0
example_003,bird-country-eagle,bird-country,Fact: The country whose national emblem is the bird with the white head on the Great Seal is,17,jacobian_lens,6, emblem, symbol,0
example_003,bird-country-eagle,bird-country,Fact: The country whose national emblem is the bird with the white head on the Great Seal is,17,jacobian_lens,7, is, depicted,0
example_003,bird-country-eagle,bird-country,Fact: The country whose national emblem is the bird with the white head on the Great Seal is,17,jacobian_lens,8, the, symbol,0
example_003,bird-country-eagle,bird-country,Fact: The country whose national emblem is the bird with the white head on the Great Seal is,17,jacobian_lens,9, bird, bird,1
example_003,bird-country-eagle,bird-country,Fact: The country whose national emblem is the bird with the white head on the Great Seal is,17,jacobian_lens,10, with, feathers,0
example_003,bird-country-eagle,bird-country,Fact: The country whose national emblem is the bird with the white head on the Great Seal is,17,jacobian_lens,11, the, wings,0
example_003,bird-country-eagle,bird-country,Fact: The country whose national emblem is the bird with the white head on the Great Seal is,17,jacobian_lens,12, white, feathers,0
example_003,bird-country-eagle,bird-country,Fact: The country whose national emblem is the bird with the white head on the Great Seal is,17,jacobian_lens,13, head, feathers,1
example_003,bird-country-eagle,bird-country,Fact: The country whose national emblem is the bird with the white head on the Great Seal is,17,jacobian_lens,14, on, feathers,0
example_003,bird-country-eagle,bird-country,Fact: The country whose national emblem is the bird with the white head on the Great Seal is,17,jacobian_lens,15, the, wings,0
example_003,bird-country-eagle,bird-country,Fact: The country whose national emblem is the bird with the white head on the Great Seal is,17,jacobian_lens,16, Great, Tree,0
example_003,bird-country-eagle,bird-country,Fact: The country whose national emblem is the bird with the white head on the Great Seal is,17,jacobian_lens,17, Seal, Seal,0
example_003,bird-country-eagle,bird-country,Fact: The country whose national emblem is the bird with the white head on the Great Seal is,17,jacobian_lens,18, is, Pakistan,0
example_003,bird-country-eagle,bird-country,Fact: The country whose national emblem is the bird with the white head on the Great Seal is,18,jacobian_lens,0,Fact, Fact,0
example_003,bird-country-eagle,bird-country,Fact: The country whose national emblem is the bird with the white head on the Great Seal is,18,jacobian_lens,1,:, Humans,0
example_003,bird-country-eagle,bird-country,Fact: The country whose national emblem is the bird with the white head on the Great Seal is,18,jacobian_lens,2, The, Largest,0
example_003,bird-country-eagle,bird-country,Fact: The country whose national emblem is the bird with the white head on the Great Seal is,18,jacobian_lens,3, country, countries,0
example_003,bird-country-eagle,bird-country,Fact: The country whose national emblem is the bird with the white head on the Great Seal is,18,jacobian_lens,4, whose, nickname,0
example_003,bird-country-eagle,bird-country,Fact: The country whose national emblem is the bird with the white head on the Great Seal is,18,jacobian_lens,5, national, anthem,0
example_003,bird-country-eagle,bird-country,Fact: The country whose national emblem is the bird with the white head on the Great Seal is,18,jacobian_lens,6, emblem, symbol,0
example_003,bird-country-eagle,bird-country,Fact: The country whose national emblem is the bird with the white head on the Great Seal is,18,jacobian_lens,7, is, symbol,0
example_003,bird-country-eagle,bird-country,Fact: The country whose national emblem is the bird with the white head on the Great Seal is,18,jacobian_lens,8, the, symbol,0
example_003,bird-country-eagle,bird-country,Fact: The country whose national emblem is the bird with the white head on the Great Seal is,18,jacobian_lens,9, bird, bird,0
example_003,bird-country-eagle,bird-country,Fact: The country whose national emblem is the bird with the white head on the Great Seal is,18,jacobian_lens,10, with, feathers,0
example_003,bird-country-eagle,bird-country,Fact: The country whose national emblem is the bird with the white head on the Great Seal is,18,jacobian_lens,11, the, wings,0
example_003,bird-country-eagle,bird-country,Fact: The country whose national emblem is the bird with the white head on the Great Seal is,18,jacobian_lens,12, white, feathers,0
example_003,bird-country-eagle,bird-country,Fact: The country whose national emblem is the bird with the white head on the Great Seal is,18,jacobian_lens,13, head, feathers,2
example_003,bird-country-eagle,bird-country,Fact: The country whose national emblem is the bird with the white head on the Great Seal is,18,jacobian_lens,14, on, blue,0
example_003,bird-country-eagle,bird-country,Fact: The country whose national emblem is the bird with the white head on the Great Seal is,18,jacobian_lens,15, the, wings,0
example_003,bird-country-eagle,bird-country,Fact: The country whose national emblem is the bird with the white head on the Great Seal is,18,jacobian_lens,16, Great, Pyramid,0
example_003,bird-country-eagle,bird-country,Fact: The country whose national emblem is the bird with the white head on the Great Seal is,18,jacobian_lens,17, Seal, Seal,0
example_003,bird-country-eagle,bird-country,Fact: The country whose national emblem is the bird with the white head on the Great Seal is,18,jacobian_lens,18, is, France,0
example_003,bird-country-eagle,bird-country,Fact: The country whose national emblem is the bird with the white head on the Great Seal is,19,jacobian_lens,0,Fact,oring,3
example_003,bird-country-eagle,bird-country,Fact: The country whose national emblem is the bird with the white head on the Great Seal is,19,jacobian_lens,1,:, Humans,0
example_003,bird-country-eagle,bird-country,Fact: The country whose national emblem is the bird with the white head on the Great Seal is,19,jacobian_lens,2, The, Pentagon,0
example_003,bird-country-eagle,bird-country,Fact: The country whose national emblem is the bird with the white head on the Great Seal is,19,jacobian_lens,3, country, Kazakhstan,0
example_003,bird-country-eagle,bird-country,Fact: The country whose national emblem is the bird with the white head on the Great Seal is,19,jacobian_lens,4, whose, nickname,0
example_003,bird-country-eagle,bird-country,Fact: The country whose national emblem is the bird with the white head on the Great Seal is,19,jacobian_lens,5, national, anthem,0
example_003,bird-country-eagle,bird-country,Fact: The country whose national emblem is the bird with the white head on the Great Seal is,19,jacobian_lens,6, emblem, symbol,0
example_003,bird-country-eagle,bird-country,Fact: The country whose national emblem is the bird with the white head on the Great Seal is,19,jacobian_lens,7, is, symbol,0
example_003,bird-country-eagle,bird-country,Fact: The country whose national emblem is the bird with the white head on the Great Seal is,19,jacobian_lens,8, the, symbol,0
example_003,bird-country-eagle,bird-country,Fact: The country whose national emblem is the bird with the white head on the Great Seal is,19,jacobian_lens,9, bird, bird,0
example_003,bird-country-eagle,bird-country,Fact: The country whose national emblem is the bird with the white head on the Great Seal is,19,jacobian_lens,10, with, wings,0
example_003,bird-country-eagle,bird-country,Fact: The country whose national emblem is the bird with the white head on the Great Seal is,19,jacobian_lens,11, the, wings,0
example_003,bird-country-eagle,bird-country,Fact: The country whose national emblem is the bird with the white head on the Great Seal is,19,jacobian_lens,12, white, feathers,0
example_003,bird-country-eagle,bird-country,Fact: The country whose national emblem is the bird with the white head on the Great Seal is,19,jacobian_lens,13, head, feathers,0
example_003,bird-country-eagle,bird-country,Fact: The country whose national emblem is the bird with the white head on the Great Seal is,19,jacobian_lens,14, on, blue,0
example_003,bird-country-eagle,bird-country,Fact: The country whose national emblem is the bird with the white head on the Great Seal is,19,jacobian_lens,15, the, blue,0
example_003,bird-country-eagle,bird-country,Fact: The country whose national emblem is the bird with the white head on the Great Seal is,19,jacobian_lens,16, Great, Pyramid,0
example_003,bird-country-eagle,bird-country,Fact: The country whose national emblem is the bird with the white head on the Great Seal is,19,jacobian_lens,17, Seal, Medal,0
example_003,bird-country-eagle,bird-country,Fact: The country whose national emblem is the bird with the white head on the Great Seal is,19,jacobian_lens,18, is, France,0
example_003,bird-country-eagle,bird-country,Fact: The country whose national emblem is the bird with the white head on the Great Seal is,20,jacobian_lens,0,Fact,oring,0
example_003,bird-country-eagle,bird-country,Fact: The country whose national emblem is the bird with the white head on the Great Seal is,20,jacobian_lens,1,:, Humans,0
example_003,bird-country-eagle,bird-country,Fact: The country whose national emblem is the bird with the white head on the Great Seal is,20,jacobian_lens,2, The, World,0
example_003,bird-country-eagle,bird-country,Fact: The country whose national emblem is the bird with the white head on the Great Seal is,20,jacobian_lens,3, country, Kazakhstan,0
example_003,bird-country-eagle,bird-country,Fact: The country whose national emblem is the bird with the white head on the Great Seal is,20,jacobian_lens,4, whose, capital,0
example_003,bird-country-eagle,bird-country,Fact: The country whose national emblem is the bird with the white head on the Great Seal is,20,jacobian_lens,5, national, anthem,0
example_003,bird-country-eagle,bird-country,Fact: The country whose national emblem is the bird with the white head on the Great Seal is,20,jacobian_lens,6, emblem, symbol,0
example_003,bird-country-eagle,bird-country,Fact: The country whose national emblem is the bird with the white head on the Great Seal is,20,jacobian_lens,7, is, blue,0
example_003,bird-country-eagle,bird-country,Fact: The country whose national emblem is the bird with the white head on the Great Seal is,20,jacobian_lens,8, the, eagle,0
example_003,bird-country-eagle,bird-country,Fact: The country whose national emblem is the bird with the white head on the Great Seal is,20,jacobian_lens,9, bird, eagle,0
example_003,bird-country-eagle,bird-country,Fact: The country whose national emblem is the bird with the white head on the Great Seal is,20,jacobian_lens,10, with, wings,0
example_003,bird-country-eagle,bird-country,Fact: The country whose national emblem is the bird with the white head on the Great Seal is,20,jacobian_lens,11, the, wings,0
example_003,bird-country-eagle,bird-country,Fact: The country whose national emblem is the bird with the white head on the Great Seal is,20,jacobian_lens,12, white, feathers,0
example_003,bird-country-eagle,bird-country,Fact: The country whose national emblem is the bird with the white head on the Great Seal is,20,jacobian_lens,13, head, and,0
example_003,bird-country-eagle,bird-country,Fact: The country whose national emblem is the bird with the white head on the Great Seal is,20,jacobian_lens,14, on, blue,0
example_003,bird-country-eagle,bird-country,Fact: The country whose national emblem is the bird with the white head on the Great Seal is,20,jacobian_lens,15, the, wings,0
example_003,bird-country-eagle,bird-country,Fact: The country whose national emblem is the bird with the white head on the Great Seal is,20,jacobian_lens,16, Great, Pyramid,0
example_003,bird-country-eagle,bird-country,Fact: The country whose national emblem is the bird with the white head on the Great Seal is,20,jacobian_lens,17, Seal, of,0
example_003,bird-country-eagle,bird-country,Fact: The country whose national emblem is the bird with the white head on the Great Seal is,20,jacobian_lens,18, is, France,0
example_003,bird-country-eagle,bird-country,Fact: The country whose national emblem is the bird with the white head on the Great Seal is,21,jacobian_lens,0,Fact,oring,1
example_003,bird-country-eagle,bird-country,Fact: The country whose national emblem is the bird with the white head on the Great Seal is,21,jacobian_lens,1,:, Humans,0
example_003,bird-country-eagle,bird-country,Fact: The country whose national emblem is the bird with the white head on the Great Seal is,21,jacobian_lens,2, The, average,0
example_003,bird-country-eagle,bird-country,Fact: The country whose national emblem is the bird with the white head on the Great Seal is,21,jacobian_lens,3, country, Pakistan,0
example_003,bird-country-eagle,bird-country,Fact: The country whose national emblem is the bird with the white head on the Great Seal is,21,jacobian_lens,4, whose, capital,0
example_003,bird-country-eagle,bird-country,Fact: The country whose national emblem is the bird with the white head on the Great Seal is,21,jacobian_lens,5, national, anthem,0
example_003,bird-country-eagle,bird-country,Fact: The country whose national emblem is the bird with the white head on the Great Seal is,21,jacobian_lens,6, emblem, is,0
example_003,bird-country-eagle,bird-country,Fact: The country whose national emblem is the bird with the white head on the Great Seal is,21,jacobian_lens,7, is, depicted,0
example_003,bird-country-eagle,bird-country,Fact: The country whose national emblem is the bird with the white head on the Great Seal is,21,jacobian_lens,8, the, eagle,0
example_003,bird-country-eagle,bird-country,Fact: The country whose national emblem is the bird with the white head on the Great Seal is,21,jacobian_lens,9, bird, symbol,0
example_003,bird-country-eagle,bird-country,Fact: The country whose national emblem is the bird with the white head on the Great Seal is,21,jacobian_lens,10, with, wings,0
example_003,bird-country-eagle,bird-country,Fact: The country whose national emblem is the bird with the white head on the Great Seal is,21,jacobian_lens,11, the, wings,0
example_003,bird-country-eagle,bird-country,Fact: The country whose national emblem is the bird with the white head on the Great Seal is,21,jacobian_lens,12, white, feathers,0
example_003,bird-country-eagle,bird-country,Fact: The country whose national emblem is the bird with the white head on the Great Seal is,21,jacobian_lens,13, head, is,0
example_003,bird-country-eagle,bird-country,Fact: The country whose national emblem is the bird with the white head on the Great Seal is,21,jacobian_lens,14, on, black,0
example_003,bird-country-eagle,bird-country,Fact: The country whose national emblem is the bird with the white head on the Great Seal is,21,jacobian_lens,15, the, black,0
example_003,bird-country-eagle,bird-country,Fact: The country whose national emblem is the bird with the white head on the Great Seal is,21,jacobian_lens,16, Great, Pyramid,0
example_003,bird-country-eagle,bird-country,Fact: The country whose national emblem is the bird with the white head on the Great Seal is,21,jacobian_lens,17, Seal, is,0
example_003,bird-country-eagle,bird-country,Fact: The country whose national emblem is the bird with the white head on the Great Seal is,21,jacobian_lens,18, is, Canada,0
example_003,bird-country-eagle,bird-country,Fact: The country whose national emblem is the bird with the white head on the Great Seal is,22,jacobian_lens,0,Fact,oring,0
example_003,bird-country-eagle,bird-country,Fact: The country whose national emblem is the bird with the white head on the Great Seal is,22,jacobian_lens,1,:, The,0
example_003,bird-country-eagle,bird-country,Fact: The country whose national emblem is the bird with the white head on the Great Seal is,22,jacobian_lens,2, The, United,0
example_003,bird-country-eagle,bird-country,Fact: The country whose national emblem is the bird with the white head on the Great Seal is,22,jacobian_lens,3, country, with,0
example_003,bird-country-eagle,bird-country,Fact: The country whose national emblem is the bird with the white head on the Great Seal is,22,jacobian_lens,4, whose, capital,0
example_003,bird-country-eagle,bird-country,Fact: The country whose national emblem is the bird with the white head on the Great Seal is,22,jacobian_lens,5, national, anthem,0
example_003,bird-country-eagle,bird-country,Fact: The country whose national emblem is the bird with the white head on the Great Seal is,22,jacobian_lens,6, emblem, consists,0
example_003,bird-country-eagle,bird-country,Fact: The country whose national emblem is the bird with the white head on the Great Seal is,22,jacobian_lens,7, is, a,0
example_003,bird-country-eagle,bird-country,Fact: The country whose national emblem is the bird with the white head on the Great Seal is,22,jacobian_lens,8, the, eagle,0
example_003,bird-country-eagle,bird-country,Fact: The country whose national emblem is the bird with the white head on the Great Seal is,22,jacobian_lens,9, bird, symbol,0
example_003,bird-country-eagle,bird-country,Fact: The country whose national emblem is the bird with the white head on the Great Seal is,22,jacobian_lens,10, with, wings,0
example_003,bird-country-eagle,bird-country,Fact: The country whose national emblem is the bird with the white head on the Great Seal is,22,jacobian_lens,11, the, wings,0
example_003,bird-country-eagle,bird-country,Fact: The country whose national emblem is the bird with the white head on the Great Seal is,22,jacobian_lens,12, white, feathers,0
example_003,bird-country-eagle,bird-country,Fact: The country whose national emblem is the bird with the white head on the Great Seal is,22,jacobian_lens,13, head, and,0
example_003,bird-country-eagle,bird-country,Fact: The country whose national emblem is the bird with the white head on the Great Seal is,22,jacobian_lens,14, on, its,0
example_003,bird-country-eagle,bird-country,Fact: The country whose national emblem is the bird with the white head on the Great Seal is,22,jacobian_lens,15, the, black,0
example_003,bird-country-eagle,bird-country,Fact: The country whose national emblem is the bird with the white head on the Great Seal is,22,jacobian_lens,16, Great, Pyramid,0
example_003,bird-country-eagle,bird-country,Fact: The country whose national emblem is the bird with the white head on the Great Seal is,22,jacobian_lens,17, Seal, is,0
example_003,bird-country-eagle,bird-country,Fact: The country whose national emblem is the bird with the white head on the Great Seal is,22,jacobian_lens,18, is, United,0
example_003,bird-country-eagle,bird-country,Fact: The country whose national emblem is the bird with the white head on the Great Seal is,23,model_output,0,Fact,oring,1
example_003,bird-country-eagle,bird-country,Fact: The country whose national emblem is the bird with the white head on the Great Seal is,23,model_output,1,:, The,0
example_003,bird-country-eagle,bird-country,Fact: The country whose national emblem is the bird with the white head on the Great Seal is,23,model_output,2, The, number,0
example_003,bird-country-eagle,bird-country,Fact: The country whose national emblem is the bird with the white head on the Great Seal is,23,model_output,3, country, of,0
example_003,bird-country-eagle,bird-country,Fact: The country whose national emblem is the bird with the white head on the Great Seal is,23,model_output,4, whose, capital,0
example_003,bird-country-eagle,bird-country,Fact: The country whose national emblem is the bird with the white head on the Great Seal is,23,model_output,5, national, anthem,0
example_003,bird-country-eagle,bird-country,Fact: The country whose national emblem is the bird with the white head on the Great Seal is,23,model_output,6, emblem, is,0
example_003,bird-country-eagle,bird-country,Fact: The country whose national emblem is the bird with the white head on the Great Seal is,23,model_output,7, is, a,0
example_003,bird-country-eagle,bird-country,Fact: The country whose national emblem is the bird with the white head on the Great Seal is,23,model_output,8, the, flag,0
example_003,bird-country-eagle,bird-country,Fact: The country whose national emblem is the bird with the white head on the Great Seal is,23,model_output,9, bird, of,0
example_003,bird-country-eagle,bird-country,Fact: The country whose national emblem is the bird with the white head on the Great Seal is,23,model_output,10, with, the,0
example_003,bird-country-eagle,bird-country,Fact: The country whose national emblem is the bird with the white head on the Great Seal is,23,model_output,11, the, wings,0
example_003,bird-country-eagle,bird-country,Fact: The country whose national emblem is the bird with the white head on the Great Seal is,23,model_output,12, white, and,0
example_003,bird-country-eagle,bird-country,Fact: The country whose national emblem is the bird with the white head on the Great Seal is,23,model_output,13, head, and,0
example_003,bird-country-eagle,bird-country,Fact: The country whose national emblem is the bird with the white head on the Great Seal is,23,model_output,14, on, a,0
example_003,bird-country-eagle,bird-country,Fact: The country whose national emblem is the bird with the white head on the Great Seal is,23,model_output,15, the, black,0
example_003,bird-country-eagle,bird-country,Fact: The country whose national emblem is the bird with the white head on the Great Seal is,23,model_output,16, Great, Wall,0
example_003,bird-country-eagle,bird-country,Fact: The country whose national emblem is the bird with the white head on the Great Seal is,23,model_output,17, Seal, of,0
example_003,bird-country-eagle,bird-country,Fact: The country whose national emblem is the bird with the white head on the Great Seal is,23,model_output,18, is, the,0
example_004,element-color-gold2,element-color,Fact: The color of the precious metal with atomic number 79 is,0,jacobian_lens,0,Fact, Fact,0
example_004,element-color-gold2,element-color,Fact: The color of the precious metal with atomic number 79 is,0,jacobian_lens,1,:,colon,61
example_004,element-color-gold2,element-color,Fact: The color of the precious metal with atomic number 79 is,0,jacobian_lens,2, The,e,0
example_004,element-color-gold2,element-color,Fact: The color of the precious metal with atomic number 79 is,0,jacobian_lens,3, color, color,0
example_004,element-color-gold2,element-color,Fact: The color of the precious metal with atomic number 79 is,0,jacobian_lens,4, of,a,2
example_004,element-color-gold2,element-color,Fact: The color of the precious metal with atomic number 79 is,0,jacobian_lens,5, the, east,2
example_004,element-color-gold2,element-color,Fact: The color of the precious metal with atomic number 79 is,0,jacobian_lens,6, precious, precious,0
example_004,element-color-gold2,element-color,Fact: The color of the precious metal with atomic number 79 is,0,jacobian_lens,7, metal, metal,0
example_004,element-color-gold2,element-color,Fact: The color of the precious metal with atomic number 79 is,0,jacobian_lens,8, with,er,1
example_004,element-color-gold2,element-color,Fact: The color of the precious metal with atomic number 79 is,0,jacobian_lens,9, atomic, atomic,0
example_004,element-color-gold2,element-color,Fact: The color of the precious metal with atomic number 79 is,0,jacobian_lens,10, number, number,0
example_004,element-color-gold2,element-color,Fact: The color of the precious metal with atomic number 79 is,0,jacobian_lens,11, ,rides,0
example_004,element-color-gold2,element-color,Fact: The color of the precious metal with atomic number 79 is,0,jacobian_lens,12,7,s,0
example_004,element-color-gold2,element-color,Fact: The color of the precious metal with atomic number 79 is,0,jacobian_lens,13,9,9,0
example_004,element-color-gold2,element-color,Fact: The color of the precious metal with atomic number 79 is,0,jacobian_lens,14, is, being,0
example_004,element-color-gold2,element-color,Fact: The color of the precious metal with atomic number 79 is,1,jacobian_lens,0,Fact, Fact,0
example_004,element-color-gold2,element-color,Fact: The color of the precious metal with atomic number 79 is,1,jacobian_lens,1,:,flu,29
example_004,element-color-gold2,element-color,Fact: The color of the precious metal with atomic number 79 is,1,jacobian_lens,2, The, Crown,0
example_004,element-color-gold2,element-color,Fact: The color of the precious metal with atomic number 79 is,1,jacobian_lens,3, color, color,0
example_004,element-color-gold2,element-color,Fact: The color of the precious metal with atomic number 79 is,1,jacobian_lens,4, of,a,0
example_004,element-color-gold2,element-color,Fact: The color of the precious metal with atomic number 79 is,1,jacobian_lens,5, the, south,1
example_004,element-color-gold2,element-color,Fact: The color of the precious metal with atomic number 79 is,1,jacobian_lens,6, precious, precious,0
example_004,element-color-gold2,element-color,Fact: The color of the precious metal with atomic number 79 is,1,jacobian_lens,7, metal, metal,0
example_004,element-color-gold2,element-color,Fact: The color of the precious metal with atomic number 79 is,1,jacobian_lens,8, with,er,1
example_004,element-color-gold2,element-color,Fact: The color of the precious metal with atomic number 79 is,1,jacobian_lens,9, atomic, atomic,0
example_004,element-color-gold2,element-color,Fact: The color of the precious metal with atomic number 79 is,1,jacobian_lens,10, number, number,0
example_004,element-color-gold2,element-color,Fact: The color of the precious metal with atomic number 79 is,1,jacobian_lens,11, , sea,0
example_004,element-color-gold2,element-color,Fact: The color of the precious metal with atomic number 79 is,1,jacobian_lens,12,7,ed,0
example_004,element-color-gold2,element-color,Fact: The color of the precious metal with atomic number 79 is,1,jacobian_lens,13,9,9,0
example_004,element-color-gold2,element-color,Fact: The color of the precious metal with atomic number 79 is,1,jacobian_lens,14, is, being,0
example_004,element-color-gold2,element-color,Fact: The color of the precious metal with atomic number 79 is,2,jacobian_lens,0,Fact, Fact,0
example_004,element-color-gold2,element-color,Fact: The color of the precious metal with atomic number 79 is,2,jacobian_lens,1,:,黄花,10
example_004,element-color-gold2,element-color,Fact: The color of the precious metal with atomic number 79 is,2,jacobian_lens,2, The, Forest,0
example_004,element-color-gold2,element-color,Fact: The color of the precious metal with atomic number 79 is,2,jacobian_lens,3, color, color,0
example_004,element-color-gold2,element-color,Fact: The color of the precious metal with atomic number 79 is,2,jacobian_lens,4, of,a,0
example_004,element-color-gold2,element-color,Fact: The color of the precious metal with atomic number 79 is,2,jacobian_lens,5, the, color,1
example_004,element-color-gold2,element-color,Fact: The color of the precious metal with atomic number 79 is,2,jacobian_lens,6, precious, precious,0
example_004,element-color-gold2,element-color,Fact: The color of the precious metal with atomic number 79 is,2,jacobian_lens,7, metal, metal,0
example_004,element-color-gold2,element-color,Fact: The color of the precious metal with atomic number 79 is,2,jacobian_lens,8, with,er,0
example_004,element-color-gold2,element-color,Fact: The color of the precious metal with atomic number 79 is,2,jacobian_lens,9, atomic, atomic,0
example_004,element-color-gold2,element-color,Fact: The color of the precious metal with atomic number 79 is,2,jacobian_lens,10, number, number,0
example_004,element-color-gold2,element-color,Fact: The color of the precious metal with atomic number 79 is,2,jacobian_lens,11, ,3,0
example_004,element-color-gold2,element-color,Fact: The color of the precious metal with atomic number 79 is,2,jacobian_lens,12,7,s,0
example_004,element-color-gold2,element-color,Fact: The color of the precious metal with atomic number 79 is,2,jacobian_lens,13,9,9,0
example_004,element-color-gold2,element-color,Fact: The color of the precious metal with atomic number 79 is,2,jacobian_lens,14, is, being,2
example_004,element-color-gold2,element-color,Fact: The color of the precious metal with atomic number 79 is,3,jacobian_lens,0,Fact, Fact,0
example_004,element-color-gold2,element-color,Fact: The color of the precious metal with atomic number 79 is,3,jacobian_lens,1,:, NYT,24
example_004,element-color-gold2,element-color,Fact: The color of the precious metal with atomic number 79 is,3,jacobian_lens,2, The, Forest,0
example_004,element-color-gold2,element-color,Fact: The color of the precious metal with atomic number 79 is,3,jacobian_lens,3, color, color,0
example_004,element-color-gold2,element-color,Fact: The color of the precious metal with atomic number 79 is,3,jacobian_lens,4, of, silver,2
example_004,element-color-gold2,element-color,Fact: The color of the precious metal with atomic number 79 is,3,jacobian_lens,5, the, flowers,0
example_004,element-color-gold2,element-color,Fact: The color of the precious metal with atomic number 79 is,3,jacobian_lens,6, precious, precious,0
example_004,element-color-gold2,element-color,Fact: The color of the precious metal with atomic number 79 is,3,jacobian_lens,7, metal, metal,0
example_004,element-color-gold2,element-color,Fact: The color of the precious metal with atomic number 79 is,3,jacobian_lens,8, with,er,9
example_004,element-color-gold2,element-color,Fact: The color of the precious metal with atomic number 79 is,3,jacobian_lens,9, atomic, atomic,0
example_004,element-color-gold2,element-color,Fact: The color of the precious metal with atomic number 79 is,3,jacobian_lens,10, number, number,0
example_004,element-color-gold2,element-color,Fact: The color of the precious metal with atomic number 79 is,3,jacobian_lens,11, , sea,1
example_004,element-color-gold2,element-color,Fact: The color of the precious metal with atomic number 79 is,3,jacobian_lens,12,7,s,0
example_004,element-color-gold2,element-color,Fact: The color of the precious metal with atomic number 79 is,3,jacobian_lens,13,9,9,0
example_004,element-color-gold2,element-color,Fact: The color of the precious metal with atomic number 79 is,3,jacobian_lens,14, is, being,1
example_004,element-color-gold2,element-color,Fact: The color of the precious metal with atomic number 79 is,4,jacobian_lens,0,Fact, Fact,0
example_004,element-color-gold2,element-color,Fact: The color of the precious metal with atomic number 79 is,4,jacobian_lens,1,:, NYT,17
example_004,element-color-gold2,element-color,Fact: The color of the precious metal with atomic number 79 is,4,jacobian_lens,2, The, Crown,3
example_004,element-color-gold2,element-color,Fact: The color of the precious metal with atomic number 79 is,4,jacobian_lens,3, color, color,0
example_004,element-color-gold2,element-color,Fact: The color of the precious metal with atomic number 79 is,4,jacobian_lens,4, of, color,0
example_004,element-color-gold2,element-color,Fact: The color of the precious metal with atomic number 79 is,4,jacobian_lens,5, the, colors,0
example_004,element-color-gold2,element-color,Fact: The color of the precious metal with atomic number 79 is,4,jacobian_lens,6, precious, precious,0
example_004,element-color-gold2,element-color,Fact: The color of the precious metal with atomic number 79 is,4,jacobian_lens,7, metal, metal,0
example_004,element-color-gold2,element-color,Fact: The color of the precious metal with atomic number 79 is,4,jacobian_lens,8, with,er,2
example_004,element-color-gold2,element-color,Fact: The color of the precious metal with atomic number 79 is,4,jacobian_lens,9, atomic, atomic,0
example_004,element-color-gold2,element-color,Fact: The color of the precious metal with atomic number 79 is,4,jacobian_lens,10, number, atomic,0
example_004,element-color-gold2,element-color,Fact: The color of the precious metal with atomic number 79 is,4,jacobian_lens,11, ,2,1
example_004,element-color-gold2,element-color,Fact: The color of the precious metal with atomic number 79 is,4,jacobian_lens,12,7,s,0
example_004,element-color-gold2,element-color,Fact: The color of the precious metal with atomic number 79 is,4,jacobian_lens,13,9,9,0
example_004,element-color-gold2,element-color,Fact: The color of the precious metal with atomic number 79 is,4,jacobian_lens,14, is, being,0
example_004,element-color-gold2,element-color,Fact: The color of the precious metal with atomic number 79 is,5,jacobian_lens,0,Fact, Fact,0
example_004,element-color-gold2,element-color,Fact: The color of the precious metal with atomic number 79 is,5,jacobian_lens,1,:, Fact,9
example_004,element-color-gold2,element-color,Fact: The color of the precious metal with atomic number 79 is,5,jacobian_lens,2, The, Crown,0
example_004,element-color-gold2,element-color,Fact: The color of the precious metal with atomic number 79 is,5,jacobian_lens,3, color, color,0
example_004,element-color-gold2,element-color,Fact: The color of the precious metal with atomic number 79 is,5,jacobian_lens,4, of, color,0
example_004,element-color-gold2,element-color,Fact: The color of the precious metal with atomic number 79 is,5,jacobian_lens,5, the, colors,0
example_004,element-color-gold2,element-color,Fact: The color of the precious metal with atomic number 79 is,5,jacobian_lens,6, precious, precious,0
example_004,element-color-gold2,element-color,Fact: The color of the precious metal with atomic number 79 is,5,jacobian_lens,7, metal, metal,0
example_004,element-color-gold2,element-color,Fact: The color of the precious metal with atomic number 79 is,5,jacobian_lens,8, with,er,2
example_004,element-color-gold2,element-color,Fact: The color of the precious metal with atomic number 79 is,5,jacobian_lens,9, atomic, atomic,0
example_004,element-color-gold2,element-color,Fact: The color of the precious metal with atomic number 79 is,5,jacobian_lens,10, number, atomic,0
example_004,element-color-gold2,element-color,Fact: The color of the precious metal with atomic number 79 is,5,jacobian_lens,11, , sea,0
example_004,element-color-gold2,element-color,Fact: The color of the precious metal with atomic number 79 is,5,jacobian_lens,12,7,s,0
example_004,element-color-gold2,element-color,Fact: The color of the precious metal with atomic number 79 is,5,jacobian_lens,13,9,9,0
example_004,element-color-gold2,element-color,Fact: The color of the precious metal with atomic number 79 is,5,jacobian_lens,14, is, mercury,0
example_004,element-color-gold2,element-color,Fact: The color of the precious metal with atomic number 79 is,6,jacobian_lens,0,Fact, itself,0
example_004,element-color-gold2,element-color,Fact: The color of the precious metal with atomic number 79 is,6,jacobian_lens,1,:, Fact,2
example_004,element-color-gold2,element-color,Fact: The color of the precious metal with atomic number 79 is,6,jacobian_lens,2, The, Crown,0
example_004,element-color-gold2,element-color,Fact: The color of the precious metal with atomic number 79 is,6,jacobian_lens,3, color, color,0
example_004,element-color-gold2,element-color,Fact: The color of the precious metal with atomic number 79 is,6,jacobian_lens,4, of, color,0
example_004,element-color-gold2,element-color,Fact: The color of the precious metal with atomic number 79 is,6,jacobian_lens,5, the, colors,0
example_004,element-color-gold2,element-color,Fact: The color of the precious metal with atomic number 79 is,6,jacobian_lens,6, precious, precious,0
example_004,element-color-gold2,element-color,Fact: The color of the precious metal with atomic number 79 is,6,jacobian_lens,7, metal, metal,0
example_004,element-color-gold2,element-color,Fact: The color of the precious metal with atomic number 79 is,6,jacobian_lens,8, with,er,2
example_004,element-color-gold2,element-color,Fact: The color of the precious metal with atomic number 79 is,6,jacobian_lens,9, atomic, atomic,0
example_004,element-color-gold2,element-color,Fact: The color of the precious metal with atomic number 79 is,6,jacobian_lens,10, number, atomic,0
example_004,element-color-gold2,element-color,Fact: The color of the precious metal with atomic number 79 is,6,jacobian_lens,11, ,2,0
example_004,element-color-gold2,element-color,Fact: The color of the precious metal with atomic number 79 is,6,jacobian_lens,12,7,s,0
example_004,element-color-gold2,element-color,Fact: The color of the precious metal with atomic number 79 is,6,jacobian_lens,13,9,9,0
example_004,element-color-gold2,element-color,Fact: The color of the precious metal with atomic number 79 is,6,jacobian_lens,14, is, mercury,0
example_004,element-color-gold2,element-color,Fact: The color of the precious metal with atomic number 79 is,7,jacobian_lens,0,Fact, Fact,0
example_004,element-color-gold2,element-color,Fact: The color of the precious metal with atomic number 79 is,7,jacobian_lens,1,:, Fact,1
example_004,element-color-gold2,element-color,Fact: The color of the precious metal with atomic number 79 is,7,jacobian_lens,2, The, Crown,0
example_004,element-color-gold2,element-color,Fact: The color of the precious metal with atomic number 79 is,7,jacobian_lens,3, color, color,0
example_004,element-color-gold2,element-color,Fact: The color of the precious metal with atomic number 79 is,7,jacobian_lens,4, of, color,0
example_004,element-color-gold2,element-color,Fact: The color of the precious metal with atomic number 79 is,7,jacobian_lens,5, the, colors,0
example_004,element-color-gold2,element-color,Fact: The color of the precious metal with atomic number 79 is,7,jacobian_lens,6, precious, precious,0
example_004,element-color-gold2,element-color,Fact: The color of the precious metal with atomic number 79 is,7,jacobian_lens,7, metal, metal,0
example_004,element-color-gold2,element-color,Fact: The color of the precious metal with atomic number 79 is,7,jacobian_lens,8, with,er,2
example_004,element-color-gold2,element-color,Fact: The color of the precious metal with atomic number 79 is,7,jacobian_lens,9, atomic, atomic,0
example_004,element-color-gold2,element-color,Fact: The color of the precious metal with atomic number 79 is,7,jacobian_lens,10, number, atomic,0
example_004,element-color-gold2,element-color,Fact: The color of the precious metal with atomic number 79 is,7,jacobian_lens,11, ,1,1
example_004,element-color-gold2,element-color,Fact: The color of the precious metal with atomic number 79 is,7,jacobian_lens,12,7,s,0
example_004,element-color-gold2,element-color,Fact: The color of the precious metal with atomic number 79 is,7,jacobian_lens,13,9,9,0
example_004,element-color-gold2,element-color,Fact: The color of the precious metal with atomic number 79 is,7,jacobian_lens,14, is, coins,0
example_004,element-color-gold2,element-color,Fact: The color of the precious metal with atomic number 79 is,8,jacobian_lens,0,Fact,adro,0
example_004,element-color-gold2,element-color,Fact: The color of the precious metal with atomic number 79 is,8,jacobian_lens,1,:, Fact,0
example_004,element-color-gold2,element-color,Fact: The color of the precious metal with atomic number 79 is,8,jacobian_lens,2, The, Crown,1
example_004,element-color-gold2,element-color,Fact: The color of the precious metal with atomic number 79 is,8,jacobian_lens,3, color, color,0
example_004,element-color-gold2,element-color,Fact: The color of the precious metal with atomic number 79 is,8,jacobian_lens,4, of, color,1
example_004,element-color-gold2,element-color,Fact: The color of the precious metal with atomic number 79 is,8,jacobian_lens,5, the, colors,0
example_004,element-color-gold2,element-color,Fact: The color of the precious metal with atomic number 79 is,8,jacobian_lens,6, precious, precious,0
example_004,element-color-gold2,element-color,Fact: The color of the precious metal with atomic number 79 is,8,jacobian_lens,7, metal, metals,0
example_004,element-color-gold2,element-color,Fact: The color of the precious metal with atomic number 79 is,8,jacobian_lens,8, with,er,5
example_004,element-color-gold2,element-color,Fact: The color of the precious metal with atomic number 79 is,8,jacobian_lens,9, atomic, atomic,0
example_004,element-color-gold2,element-color,Fact: The color of the precious metal with atomic number 79 is,8,jacobian_lens,10, number, atomic,0
example_004,element-color-gold2,element-color,Fact: The color of the precious metal with atomic number 79 is,8,jacobian_lens,11, ,1,0
example_004,element-color-gold2,element-color,Fact: The color of the precious metal with atomic number 79 is,8,jacobian_lens,12,7,s,0
example_004,element-color-gold2,element-color,Fact: The color of the precious metal with atomic number 79 is,8,jacobian_lens,13,9,9,0
example_004,element-color-gold2,element-color,Fact: The color of the precious metal with atomic number 79 is,8,jacobian_lens,14, is, coins,1
example_004,element-color-gold2,element-color,Fact: The color of the precious metal with atomic number 79 is,9,jacobian_lens,0,Fact, Property,0
example_004,element-color-gold2,element-color,Fact: The color of the precious metal with atomic number 79 is,9,jacobian_lens,1,:, Facts,0
example_004,element-color-gold2,element-color,Fact: The color of the precious metal with atomic number 79 is,9,jacobian_lens,2, The, Science,1
example_004,element-color-gold2,element-color,Fact: The color of the precious metal with atomic number 79 is,9,jacobian_lens,3, color, color,1
example_004,element-color-gold2,element-color,Fact: The color of the precious metal with atomic number 79 is,9,jacobian_lens,4, of, colors,0
example_004,element-color-gold2,element-color,Fact: The color of the precious metal with atomic number 79 is,9,jacobian_lens,5, the, colors,0
example_004,element-color-gold2,element-color,Fact: The color of the precious metal with atomic number 79 is,9,jacobian_lens,6, precious, precious,0
example_004,element-color-gold2,element-color,Fact: The color of the precious metal with atomic number 79 is,9,jacobian_lens,7, metal, metals,0
example_004,element-color-gold2,element-color,Fact: The color of the precious metal with atomic number 79 is,9,jacobian_lens,8, with,er,13
example_004,element-color-gold2,element-color,Fact: The color of the precious metal with atomic number 79 is,9,jacobian_lens,9, atomic, atomic,0
example_004,element-color-gold2,element-color,Fact: The color of the precious metal with atomic number 79 is,9,jacobian_lens,10, number, atomic,0
example_004,element-color-gold2,element-color,Fact: The color of the precious metal with atomic number 79 is,9,jacobian_lens,11, ,5,1
example_004,element-color-gold2,element-color,Fact: The color of the precious metal with atomic number 79 is,9,jacobian_lens,12,7,s,0
example_004,element-color-gold2,element-color,Fact: The color of the precious metal with atomic number 79 is,9,jacobian_lens,13,9,9,0
example_004,element-color-gold2,element-color,Fact: The color of the precious metal with atomic number 79 is,9,jacobian_lens,14, is, mercury,0
example_004,element-color-gold2,element-color,Fact: The color of the precious metal with atomic number 79 is,10,jacobian_lens,0,Fact,eur,0
example_004,element-color-gold2,element-color,Fact: The color of the precious metal with atomic number 79 is,10,jacobian_lens,1,:, Facts,1
example_004,element-color-gold2,element-color,Fact: The color of the precious metal with atomic number 79 is,10,jacobian_lens,2, The, People,1
example_004,element-color-gold2,element-color,Fact: The color of the precious metal with atomic number 79 is,10,jacobian_lens,3, color, color,0
example_004,element-color-gold2,element-color,Fact: The color of the precious metal with atomic number 79 is,10,jacobian_lens,4, of, color,0
example_004,element-color-gold2,element-color,Fact: The color of the precious metal with atomic number 79 is,10,jacobian_lens,5, the, colors,0
example_004,element-color-gold2,element-color,Fact: The color of the precious metal with atomic number 79 is,10,jacobian_lens,6, precious, precious,0
example_004,element-color-gold2,element-color,Fact: The color of the precious metal with atomic number 79 is,10,jacobian_lens,7, metal, metals,0
example_004,element-color-gold2,element-color,Fact: The color of the precious metal with atomic number 79 is,10,jacobian_lens,8, with,er,21
example_004,element-color-gold2,element-color,Fact: The color of the precious metal with atomic number 79 is,10,jacobian_lens,9, atomic, atomic,0
example_004,element-color-gold2,element-color,Fact: The color of the precious metal with atomic number 79 is,10,jacobian_lens,10, number, atomic,0
example_004,element-color-gold2,element-color,Fact: The color of the precious metal with atomic number 79 is,10,jacobian_lens,11, ,5,1
example_004,element-color-gold2,element-color,Fact: The color of the precious metal with atomic number 79 is,10,jacobian_lens,12,7,s,0
example_004,element-color-gold2,element-color,Fact: The color of the precious metal with atomic number 79 is,10,jacobian_lens,13,9,9,0
example_004,element-color-gold2,element-color,Fact: The color of the precious metal with atomic number 79 is,10,jacobian_lens,14, is, mercury,1
example_004,element-color-gold2,element-color,Fact: The color of the precious metal with atomic number 79 is,11,jacobian_lens,0,Fact, Fact,1
example_004,element-color-gold2,element-color,Fact: The color of the precious metal with atomic number 79 is,11,jacobian_lens,1,:, Facts,0
example_004,element-color-gold2,element-color,Fact: The color of the precious metal with atomic number 79 is,11,jacobian_lens,2, The, British,2
example_004,element-color-gold2,element-color,Fact: The color of the precious metal with atomic number 79 is,11,jacobian_lens,3, color, color,0
example_004,element-color-gold2,element-color,Fact: The color of the precious metal with atomic number 79 is,11,jacobian_lens,4, of, color,0
example_004,element-color-gold2,element-color,Fact: The color of the precious metal with atomic number 79 is,11,jacobian_lens,5, the, colors,0
example_004,element-color-gold2,element-color,Fact: The color of the precious metal with atomic number 79 is,11,jacobian_lens,6, precious, precious,0
example_004,element-color-gold2,element-color,Fact: The color of the precious metal with atomic number 79 is,11,jacobian_lens,7, metal, metals,0
example_004,element-color-gold2,element-color,Fact: The color of the precious metal with atomic number 79 is,11,jacobian_lens,8, with,er,23
example_004,element-color-gold2,element-color,Fact: The color of the precious metal with atomic number 79 is,11,jacobian_lens,9, atomic, atomic,0
example_004,element-color-gold2,element-color,Fact: The color of the precious metal with atomic number 79 is,11,jacobian_lens,10, number, Atomic,0
example_004,element-color-gold2,element-color,Fact: The color of the precious metal with atomic number 79 is,11,jacobian_lens,11, ,5,1
example_004,element-color-gold2,element-color,Fact: The color of the precious metal with atomic number 79 is,11,jacobian_lens,12,7,eus,0
example_004,element-color-gold2,element-color,Fact: The color of the precious metal with atomic number 79 is,11,jacobian_lens,13,9, titanium,0
example_004,element-color-gold2,element-color,Fact: The color of the precious metal with atomic number 79 is,11,jacobian_lens,14, is, mercury,1
example_004,element-color-gold2,element-color,Fact: The color of the precious metal with atomic number 79 is,12,jacobian_lens,0,Fact, Fact,0
example_004,element-color-gold2,element-color,Fact: The color of the precious metal with atomic number 79 is,12,jacobian_lens,1,:, Fact,0
example_004,element-color-gold2,element-color,Fact: The color of the precious metal with atomic number 79 is,12,jacobian_lens,2, The, British,2
example_004,element-color-gold2,element-color,Fact: The color of the precious metal with atomic number 79 is,12,jacobian_lens,3, color, color,0
example_004,element-color-gold2,element-color,Fact: The color of the precious metal with atomic number 79 is,12,jacobian_lens,4, of, color,0
example_004,element-color-gold2,element-color,Fact: The color of the precious metal with atomic number 79 is,12,jacobian_lens,5, the, photograph,0
example_004,element-color-gold2,element-color,Fact: The color of the precious metal with atomic number 79 is,12,jacobian_lens,6, precious, precious,0
example_004,element-color-gold2,element-color,Fact: The color of the precious metal with atomic number 79 is,12,jacobian_lens,7, metal, metal,0
example_004,element-color-gold2,element-color,Fact: The color of the precious metal with atomic number 79 is,12,jacobian_lens,8, with, copper,26
example_004,element-color-gold2,element-color,Fact: The color of the precious metal with atomic number 79 is,12,jacobian_lens,9, atomic, atomic,0
example_004,element-color-gold2,element-color,Fact: The color of the precious metal with atomic number 79 is,12,jacobian_lens,10, number, Atomic,0
example_004,element-color-gold2,element-color,Fact: The color of the precious metal with atomic number 79 is,12,jacobian_lens,11, ,5,2
example_004,element-color-gold2,element-color,Fact: The color of the precious metal with atomic number 79 is,12,jacobian_lens,12,7,7,3
example_004,element-color-gold2,element-color,Fact: The color of the precious metal with atomic number 79 is,12,jacobian_lens,13,9,9,0
example_004,element-color-gold2,element-color,Fact: The color of the precious metal with atomic number 79 is,12,jacobian_lens,14, is, helium,7
example_004,element-color-gold2,element-color,Fact: The color of the precious metal with atomic number 79 is,13,jacobian_lens,0,Fact, Fact,0
example_004,element-color-gold2,element-color,Fact: The color of the precious metal with atomic number 79 is,13,jacobian_lens,1,:, Fact,0
example_004,element-color-gold2,element-color,Fact: The color of the precious metal with atomic number 79 is,13,jacobian_lens,2, The, Museum,1
example_004,element-color-gold2,element-color,Fact: The color of the precious metal with atomic number 79 is,13,jacobian_lens,3, color, color,0
example_004,element-color-gold2,element-color,Fact: The color of the precious metal with atomic number 79 is,13,jacobian_lens,4, of, color,0
example_004,element-color-gold2,element-color,Fact: The color of the precious metal with atomic number 79 is,13,jacobian_lens,5, the, photograph,0
example_004,element-color-gold2,element-color,Fact: The color of the precious metal with atomic number 79 is,13,jacobian_lens,6, precious, precious,0
example_004,element-color-gold2,element-color,Fact: The color of the precious metal with atomic number 79 is,13,jacobian_lens,7, metal, metal,0
example_004,element-color-gold2,element-color,Fact: The color of the precious metal with atomic number 79 is,13,jacobian_lens,8, with,eness,36
example_004,element-color-gold2,element-color,Fact: The color of the precious metal with atomic number 79 is,13,jacobian_lens,9, atomic, atomic,0
example_004,element-color-gold2,element-color,Fact: The color of the precious metal with atomic number 79 is,13,jacobian_lens,10, number, Atomic,0
example_004,element-color-gold2,element-color,Fact: The color of the precious metal with atomic number 79 is,13,jacobian_lens,11, ,5,0
example_004,element-color-gold2,element-color,Fact: The color of the precious metal with atomic number 79 is,13,jacobian_lens,12,7,eus,10
example_004,element-color-gold2,element-color,Fact: The color of the precious metal with atomic number 79 is,13,jacobian_lens,13,9, titanium,0
example_004,element-color-gold2,element-color,Fact: The color of the precious metal with atomic number 79 is,13,jacobian_lens,14, is, color,3
example_004,element-color-gold2,element-color,Fact: The color of the precious metal with atomic number 79 is,14,jacobian_lens,0,Fact,dpa,0
example_004,element-color-gold2,element-color,Fact: The color of the precious metal with atomic number 79 is,14,jacobian_lens,1,:, Facts,0
example_004,element-color-gold2,element-color,Fact: The color of the precious metal with atomic number 79 is,14,jacobian_lens,2, The, Tree,0
example_004,element-color-gold2,element-color,Fact: The color of the precious metal with atomic number 79 is,14,jacobian_lens,3, color, color,0
example_004,element-color-gold2,element-color,Fact: The color of the precious metal with atomic number 79 is,14,jacobian_lens,4, of, color,0
example_004,element-color-gold2,element-color,Fact: The color of the precious metal with atomic number 79 is,14,jacobian_lens,5, the, flowers,0
example_004,element-color-gold2,element-color,Fact: The color of the precious metal with atomic number 79 is,14,jacobian_lens,6, precious, precious,0
example_004,element-color-gold2,element-color,Fact: The color of the precious metal with atomic number 79 is,14,jacobian_lens,7, metal, metals,1
example_004,element-color-gold2,element-color,Fact: The color of the precious metal with atomic number 79 is,14,jacobian_lens,8, with, copper,22
example_004,element-color-gold2,element-color,Fact: The color of the precious metal with atomic number 79 is,14,jacobian_lens,9, atomic, atomic,0
example_004,element-color-gold2,element-color,Fact: The color of the precious metal with atomic number 79 is,14,jacobian_lens,10, number,编号,0
example_004,element-color-gold2,element-color,Fact: The color of the precious metal with atomic number 79 is,14,jacobian_lens,11, ,5,0
example_004,element-color-gold2,element-color,Fact: The color of the precious metal with atomic number 79 is,14,jacobian_lens,12,7,7,0
example_004,element-color-gold2,element-color,Fact: The color of the precious metal with atomic number 79 is,14,jacobian_lens,13,9,9,0
example_004,element-color-gold2,element-color,Fact: The color of the precious metal with atomic number 79 is,14,jacobian_lens,14, is, Color,33
example_004,element-color-gold2,element-color,Fact: The color of the precious metal with atomic number 79 is,15,jacobian_lens,0,Fact, Fact,0
example_004,element-color-gold2,element-color,Fact: The color of the precious metal with atomic number 79 is,15,jacobian_lens,1,:, Fact,0
example_004,element-color-gold2,element-color,Fact: The color of the precious metal with atomic number 79 is,15,jacobian_lens,2, The, University,0
example_004,element-color-gold2,element-color,Fact: The color of the precious metal with atomic number 79 is,15,jacobian_lens,3, color, colors,0
example_004,element-color-gold2,element-color,Fact: The color of the precious metal with atomic number 79 is,15,jacobian_lens,4, of, jewelry,0
example_004,element-color-gold2,element-color,Fact: The color of the precious metal with atomic number 79 is,15,jacobian_lens,5, the, flowers,0
example_004,element-color-gold2,element-color,Fact: The color of the precious metal with atomic number 79 is,15,jacobian_lens,6, precious, jewellery,0
example_004,element-color-gold2,element-color,Fact: The color of the precious metal with atomic number 79 is,15,jacobian_lens,7, metal, metals,1
example_004,element-color-gold2,element-color,Fact: The color of the precious metal with atomic number 79 is,15,jacobian_lens,8, with, copper,11
example_004,element-color-gold2,element-color,Fact: The color of the precious metal with atomic number 79 is,15,jacobian_lens,9, atomic, atomic,0
example_004,element-color-gold2,element-color,Fact: The color of the precious metal with atomic number 79 is,15,jacobian_lens,10, number, nuclear,0
example_004,element-color-gold2,element-color,Fact: The color of the precious metal with atomic number 79 is,15,jacobian_lens,11, ,5,0
example_004,element-color-gold2,element-color,Fact: The color of the precious metal with atomic number 79 is,15,jacobian_lens,12,7,7,0
example_004,element-color-gold2,element-color,Fact: The color of the precious metal with atomic number 79 is,15,jacobian_lens,13,9, helium,0
example_004,element-color-gold2,element-color,Fact: The color of the precious metal with atomic number 79 is,15,jacobian_lens,14, is, colors,40
example_004,element-color-gold2,element-color,Fact: The color of the precious metal with atomic number 79 is,16,jacobian_lens,0,Fact, Fact,0
example_004,element-color-gold2,element-color,Fact: The color of the precious metal with atomic number 79 is,16,jacobian_lens,1,:, Humans,0
example_004,element-color-gold2,element-color,Fact: The color of the precious metal with atomic number 79 is,16,jacobian_lens,2, The, University,0
example_004,element-color-gold2,element-color,Fact: The color of the precious metal with atomic number 79 is,16,jacobian_lens,3, color, colors,0
example_004,element-color-gold2,element-color,Fact: The color of the precious metal with atomic number 79 is,16,jacobian_lens,4, of, colors,0
example_004,element-color-gold2,element-color,Fact: The color of the precious metal with atomic number 79 is,16,jacobian_lens,5, the, colors,0
example_004,element-color-gold2,element-color,Fact: The color of the precious metal with atomic number 79 is,16,jacobian_lens,6, precious, jewellery,0
example_004,element-color-gold2,element-color,Fact: The color of the precious metal with atomic number 79 is,16,jacobian_lens,7, metal, metals,0
example_004,element-color-gold2,element-color,Fact: The color of the precious metal with atomic number 79 is,16,jacobian_lens,8, with, mineral,2
example_004,element-color-gold2,element-color,Fact: The color of the precious metal with atomic number 79 is,16,jacobian_lens,9, atomic, atomic,0
example_004,element-color-gold2,element-color,Fact: The color of the precious metal with atomic number 79 is,16,jacobian_lens,10, number, Atomic,0
example_004,element-color-gold2,element-color,Fact: The color of the precious metal with atomic number 79 is,16,jacobian_lens,11, ,atomic,0
example_004,element-color-gold2,element-color,Fact: The color of the precious metal with atomic number 79 is,16,jacobian_lens,12,7,7,0
example_004,element-color-gold2,element-color,Fact: The color of the precious metal with atomic number 79 is,16,jacobian_lens,13,9, titanium,1
example_004,element-color-gold2,element-color,Fact: The color of the precious metal with atomic number 79 is,16,jacobian_lens,14, is, titanium,0
example_004,element-color-gold2,element-color,Fact: The color of the precious metal with atomic number 79 is,17,jacobian_lens,0,Fact, Fact,0
example_004,element-color-gold2,element-color,Fact: The color of the precious metal with atomic number 79 is,17,jacobian_lens,1,:, Humans,0
example_004,element-color-gold2,element-color,Fact: The color of the precious metal with atomic number 79 is,17,jacobian_lens,2, The, Pentagon,0
example_004,element-color-gold2,element-color,Fact: The color of the precious metal with atomic number 79 is,17,jacobian_lens,3, color, color,0
example_004,element-color-gold2,element-color,Fact: The color of the precious metal with atomic number 79 is,17,jacobian_lens,4, of, colors,0
example_004,element-color-gold2,element-color,Fact: The color of the precious metal with atomic number 79 is,17,jacobian_lens,5, the, colors,0
example_004,element-color-gold2,element-color,Fact: The color of the precious metal with atomic number 79 is,17,jacobian_lens,6, precious, jewellery,0
example_004,element-color-gold2,element-color,Fact: The color of the precious metal with atomic number 79 is,17,jacobian_lens,7, metal, metals,0
example_004,element-color-gold2,element-color,Fact: The color of the precious metal with atomic number 79 is,17,jacobian_lens,8, with, chemical,0
example_004,element-color-gold2,element-color,Fact: The color of the precious metal with atomic number 79 is,17,jacobian_lens,9, atomic, atomic,0
example_004,element-color-gold2,element-color,Fact: The color of the precious metal with atomic number 79 is,17,jacobian_lens,10, number, atomic,0
example_004,element-color-gold2,element-color,Fact: The color of the precious metal with atomic number 79 is,17,jacobian_lens,11, ,镍,0
example_004,element-color-gold2,element-color,Fact: The color of the precious metal with atomic number 79 is,17,jacobian_lens,12,7,adium,0
example_004,element-color-gold2,element-color,Fact: The color of the precious metal with atomic number 79 is,17,jacobian_lens,13,9, is,1
example_004,element-color-gold2,element-color,Fact: The color of the precious metal with atomic number 79 is,17,jacobian_lens,14, is, gold,0
example_004,element-color-gold2,element-color,Fact: The color of the precious metal with atomic number 79 is,18,jacobian_lens,0,Fact, Fact,0
example_004,element-color-gold2,element-color,Fact: The color of the precious metal with atomic number 79 is,18,jacobian_lens,1,:, Humans,0
example_004,element-color-gold2,element-color,Fact: The color of the precious metal with atomic number 79 is,18,jacobian_lens,2, The, Largest,0
example_004,element-color-gold2,element-color,Fact: The color of the precious metal with atomic number 79 is,18,jacobian_lens,3, color, color,0
example_004,element-color-gold2,element-color,Fact: The color of the precious metal with atomic number 79 is,18,jacobian_lens,4, of, colors,0
example_004,element-color-gold2,element-color,Fact: The color of the precious metal with atomic number 79 is,18,jacobian_lens,5, the, colors,0
example_004,element-color-gold2,element-color,Fact: The color of the precious metal with atomic number 79 is,18,jacobian_lens,6, precious, metals,0
example_004,element-color-gold2,element-color,Fact: The color of the precious metal with atomic number 79 is,18,jacobian_lens,7, metal, metals,0
example_004,element-color-gold2,element-color,Fact: The color of the precious metal with atomic number 79 is,18,jacobian_lens,8, with, highest,1
example_004,element-color-gold2,element-color,Fact: The color of the precious metal with atomic number 79 is,18,jacobian_lens,9, atomic, atomic,0
example_004,element-color-gold2,element-color,Fact: The color of the precious metal with atomic number 79 is,18,jacobian_lens,10, number, Z,0
example_004,element-color-gold2,element-color,Fact: The color of the precious metal with atomic number 79 is,18,jacobian_lens,11, , Zinc,0
example_004,element-color-gold2,element-color,Fact: The color of the precious metal with atomic number 79 is,18,jacobian_lens,12,7,7,0
example_004,element-color-gold2,element-color,Fact: The color of the precious metal with atomic number 79 is,18,jacobian_lens,13,9, Zinc,0
example_004,element-color-gold2,element-color,Fact: The color of the precious metal with atomic number 79 is,18,jacobian_lens,14, is, gold,0
example_004,element-color-gold2,element-color,Fact: The color of the precious metal with atomic number 79 is,19,jacobian_lens,0,Fact,oring,3
example_004,element-color-gold2,element-color,Fact: The color of the precious metal with atomic number 79 is,19,jacobian_lens,1,:, Humans,0
example_004,element-color-gold2,element-color,Fact: The color of the precious metal with atomic number 79 is,19,jacobian_lens,2, The, Pentagon,0
example_004,element-color-gold2,element-color,Fact: The color of the precious metal with atomic number 79 is,19,jacobian_lens,3, color, color,0
example_004,element-color-gold2,element-color,Fact: The color of the precious metal with atomic number 79 is,19,jacobian_lens,4, of, colors,0
example_004,element-color-gold2,element-color,Fact: The color of the precious metal with atomic number 79 is,19,jacobian_lens,5, the, colors,0
example_004,element-color-gold2,element-color,Fact: The color of the precious metal with atomic number 79 is,19,jacobian_lens,6, precious, metals,0
example_004,element-color-gold2,element-color,Fact: The color of the precious metal with atomic number 79 is,19,jacobian_lens,7, metal, metals,0
example_004,element-color-gold2,element-color,Fact: The color of the precious metal with atomic number 79 is,19,jacobian_lens,8, with, highest,0
example_004,element-color-gold2,element-color,Fact: The color of the precious metal with atomic number 79 is,19,jacobian_lens,9, atomic, atomic,0
example_004,element-color-gold2,element-color,Fact: The color of the precious metal with atomic number 79 is,19,jacobian_lens,10, number, atomic,0
example_004,element-color-gold2,element-color,Fact: The color of the precious metal with atomic number 79 is,19,jacobian_lens,11, , Zinc,0
example_004,element-color-gold2,element-color,Fact: The color of the precious metal with atomic number 79 is,19,jacobian_lens,12,7,8,0
example_004,element-color-gold2,element-color,Fact: The color of the precious metal with atomic number 79 is,19,jacobian_lens,13,9, is,0
example_004,element-color-gold2,element-color,Fact: The color of the precious metal with atomic number 79 is,19,jacobian_lens,14, is, gold,0
example_004,element-color-gold2,element-color,Fact: The color of the precious metal with atomic number 79 is,20,jacobian_lens,0,Fact,oring,0
example_004,element-color-gold2,element-color,Fact: The color of the precious metal with atomic number 79 is,20,jacobian_lens,1,:, Humans,0
example_004,element-color-gold2,element-color,Fact: The color of the precious metal with atomic number 79 is,20,jacobian_lens,2, The, World,0
example_004,element-color-gold2,element-color,Fact: The color of the precious metal with atomic number 79 is,20,jacobian_lens,3, color, color,0
example_004,element-color-gold2,element-color,Fact: The color of the precious metal with atomic number 79 is,20,jacobian_lens,4, of, colors,0
example_004,element-color-gold2,element-color,Fact: The color of the precious metal with atomic number 79 is,20,jacobian_lens,5, the, sky,0
example_004,element-color-gold2,element-color,Fact: The color of the precious metal with atomic number 79 is,20,jacobian_lens,6, precious, metals,0
example_004,element-color-gold2,element-color,Fact: The color of the precious metal with atomic number 79 is,20,jacobian_lens,7, metal, alloys,0
example_004,element-color-gold2,element-color,Fact: The color of the precious metal with atomic number 79 is,20,jacobian_lens,8, with, highest,0
example_004,element-color-gold2,element-color,Fact: The color of the precious metal with atomic number 79 is,20,jacobian_lens,9, atomic, number,0
example_004,element-color-gold2,element-color,Fact: The color of the precious metal with atomic number 79 is,20,jacobian_lens,10, number, Z,0
example_004,element-color-gold2,element-color,Fact: The color of the precious metal with atomic number 79 is,20,jacobian_lens,11, ,8,0
example_004,element-color-gold2,element-color,Fact: The color of the precious metal with atomic number 79 is,20,jacobian_lens,12,7,9,0
example_004,element-color-gold2,element-color,Fact: The color of the precious metal with atomic number 79 is,20,jacobian_lens,13,9, is,0
example_004,element-color-gold2,element-color,Fact: The color of the precious metal with atomic number 79 is,20,jacobian_lens,14, is, gold,0
example_004,element-color-gold2,element-color,Fact: The color of the precious metal with atomic number 79 is,21,jacobian_lens,0,Fact,oring,1
example_004,element-color-gold2,element-color,Fact: The color of the precious metal with atomic number 79 is,21,jacobian_lens,1,:, Humans,0
example_004,element-color-gold2,element-color,Fact: The color of the precious metal with atomic number 79 is,21,jacobian_lens,2, The, average,0
example_004,element-color-gold2,element-color,Fact: The color of the precious metal with atomic number 79 is,21,jacobian_lens,3, color, palette,0
example_004,element-color-gold2,element-color,Fact: The color of the precious metal with atomic number 79 is,21,jacobian_lens,4, of, flowers,0
example_004,element-color-gold2,element-color,Fact: The color of the precious metal with atomic number 79 is,21,jacobian_lens,5, the, sky,0
example_004,element-color-gold2,element-color,Fact: The color of the precious metal with atomic number 79 is,21,jacobian_lens,6, precious, metals,0
example_004,element-color-gold2,element-color,Fact: The color of the precious metal with atomic number 79 is,21,jacobian_lens,7, metal, alloys,0
example_004,element-color-gold2,element-color,Fact: The color of the precious metal with atomic number 79 is,21,jacobian_lens,8, with, highest,0
example_004,element-color-gold2,element-color,Fact: The color of the precious metal with atomic number 79 is,21,jacobian_lens,9, atomic, number,0
example_004,element-color-gold2,element-color,Fact: The color of the precious metal with atomic number 79 is,21,jacobian_lens,10, number, Z,0
example_004,element-color-gold2,element-color,Fact: The color of the precious metal with atomic number 79 is,21,jacobian_lens,11, ,7,0
example_004,element-color-gold2,element-color,Fact: The color of the precious metal with atomic number 79 is,21,jacobian_lens,12,7,9,0
example_004,element-color-gold2,element-color,Fact: The color of the precious metal with atomic number 79 is,21,jacobian_lens,13,9, is,0
example_004,element-color-gold2,element-color,Fact: The color of the precious metal with atomic number 79 is,21,jacobian_lens,14, is, gold,0
example_004,element-color-gold2,element-color,Fact: The color of the precious metal with atomic number 79 is,22,jacobian_lens,0,Fact,oring,0
example_004,element-color-gold2,element-color,Fact: The color of the precious metal with atomic number 79 is,22,jacobian_lens,1,:, The,0
example_004,element-color-gold2,element-color,Fact: The color of the precious metal with atomic number 79 is,22,jacobian_lens,2, The, United,0
example_004,element-color-gold2,element-color,Fact: The color of the precious metal with atomic number 79 is,22,jacobian_lens,3, color, palette,0
example_004,element-color-gold2,element-color,Fact: The color of the precious metal with atomic number 79 is,22,jacobian_lens,4, of, the,0
example_004,element-color-gold2,element-color,Fact: The color of the precious metal with atomic number 79 is,22,jacobian_lens,5, the, sky,0
example_004,element-color-gold2,element-color,Fact: The color of the precious metal with atomic number 79 is,22,jacobian_lens,6, precious, metals,0
example_004,element-color-gold2,element-color,Fact: The color of the precious metal with atomic number 79 is,22,jacobian_lens,7, metal, used,0
example_004,element-color-gold2,element-color,Fact: The color of the precious metal with atomic number 79 is,22,jacobian_lens,8, with, the,0
example_004,element-color-gold2,element-color,Fact: The color of the precious metal with atomic number 79 is,22,jacobian_lens,9, atomic, number,0
example_004,element-color-gold2,element-color,Fact: The color of the precious metal with atomic number 79 is,22,jacobian_lens,10, number, Z,0
example_004,element-color-gold2,element-color,Fact: The color of the precious metal with atomic number 79 is,22,jacobian_lens,11, ,7,0
example_004,element-color-gold2,element-color,Fact: The color of the precious metal with atomic number 79 is,22,jacobian_lens,12,7,9,0
example_004,element-color-gold2,element-color,Fact: The color of the precious metal with atomic number 79 is,22,jacobian_lens,13,9, is,0
example_004,element-color-gold2,element-color,Fact: The color of the precious metal with atomic number 79 is,22,jacobian_lens,14, is, gold,0
example_004,element-color-gold2,element-color,Fact: The color of the precious metal with atomic number 79 is,23,model_output,0,Fact,oring,1
example_004,element-color-gold2,element-color,Fact: The color of the precious metal with atomic number 79 is,23,model_output,1,:, The,0
example_004,element-color-gold2,element-color,Fact: The color of the precious metal with atomic number 79 is,23,model_output,2, The, number,0
example_004,element-color-gold2,element-color,Fact: The color of the precious metal with atomic number 79 is,23,model_output,3, color, of,0
example_004,element-color-gold2,element-color,Fact: The color of the precious metal with atomic number 79 is,23,model_output,4, of, the,0
example_004,element-color-gold2,element-color,Fact: The color of the precious metal with atomic number 79 is,23,model_output,5, the, sky,0
example_004,element-color-gold2,element-color,Fact: The color of the precious metal with atomic number 79 is,23,model_output,6, precious, metal,0
example_004,element-color-gold2,element-color,Fact: The color of the precious metal with atomic number 79 is,23,model_output,7, metal, is,0
example_004,element-color-gold2,element-color,Fact: The color of the precious metal with atomic number 79 is,23,model_output,8, with, the,0
example_004,element-color-gold2,element-color,Fact: The color of the precious metal with atomic number 79 is,23,model_output,9, atomic, number,0
example_004,element-color-gold2,element-color,Fact: The color of the precious metal with atomic number 79 is,23,model_output,10, number, Z,1
example_004,element-color-gold2,element-color,Fact: The color of the precious metal with atomic number 79 is,23,model_output,11, ,1,0
example_004,element-color-gold2,element-color,Fact: The color of the precious metal with atomic number 79 is,23,model_output,12,7,9,0
example_004,element-color-gold2,element-color,Fact: The color of the precious metal with atomic number 79 is,23,model_output,13,9, is,0
example_004,element-color-gold2,element-color,Fact: The color of the precious metal with atomic number 79 is,23,model_output,14, is, yellow,0
example_005,organ-location-brain,organ-location,Fact: The bony structure that encases the organ responsible for thinking and memory is the,0,jacobian_lens,0,Fact, Fact,0
example_005,organ-location-brain,organ-location,Fact: The bony structure that encases the organ responsible for thinking and memory is the,0,jacobian_lens,1,:,colon,61
example_005,organ-location-brain,organ-location,Fact: The bony structure that encases the organ responsible for thinking and memory is the,0,jacobian_lens,2, The,e,0
example_005,organ-location-brain,organ-location,Fact: The bony structure that encases the organ responsible for thinking and memory is the,0,jacobian_lens,3, b, hb,0
example_005,organ-location-brain,organ-location,Fact: The bony structure that encases the organ responsible for thinking and memory is the,0,jacobian_lens,4,ony,ony,0
example_005,organ-location-brain,organ-location,Fact: The bony structure that encases the organ responsible for thinking and memory is the,0,jacobian_lens,5, structure, structure,0
example_005,organ-location-brain,organ-location,Fact: The bony structure that encases the organ responsible for thinking and memory is the,0,jacobian_lens,6, that, â,1
example_005,organ-location-brain,organ-location,Fact: The bony structure that encases the organ responsible for thinking and memory is the,0,jacobian_lens,7, enc, enc,0
example_005,organ-location-brain,organ-location,Fact: The bony structure that encases the organ responsible for thinking and memory is the,0,jacobian_lens,8,ases,s,0
example_005,organ-location-brain,organ-location,Fact: The bony structure that encases the organ responsible for thinking and memory is the,0,jacobian_lens,9, the, east,0
example_005,organ-location-brain,organ-location,Fact: The bony structure that encases the organ responsible for thinking and memory is the,0,jacobian_lens,10, organ, organ,0
example_005,organ-location-brain,organ-location,Fact: The bony structure that encases the organ responsible for thinking and memory is the,0,jacobian_lens,11, responsible, responsible,0
example_005,organ-location-brain,organ-location,Fact: The bony structure that encases the organ responsible for thinking and memory is the,0,jacobian_lens,12, for, instance,73
example_005,organ-location-brain,organ-location,Fact: The bony structure that encases the organ responsible for thinking and memory is the,0,jacobian_lens,13, thinking, thinking,1
example_005,organ-location-brain,organ-location,Fact: The bony structure that encases the organ responsible for thinking and memory is the,0,jacobian_lens,14, and,s,1
example_005,organ-location-brain,organ-location,Fact: The bony structure that encases the organ responsible for thinking and memory is the,0,jacobian_lens,15, memory, memory,0
example_005,organ-location-brain,organ-location,Fact: The bony structure that encases the organ responsible for thinking and memory is the,0,jacobian_lens,16, is, being,0
example_005,organ-location-brain,organ-location,Fact: The bony structure that encases the organ responsible for thinking and memory is the,0,jacobian_lens,17, the, name,0
example_005,organ-location-brain,organ-location,Fact: The bony structure that encases the organ responsible for thinking and memory is the,1,jacobian_lens,0,Fact, Fact,0
example_005,organ-location-brain,organ-location,Fact: The bony structure that encases the organ responsible for thinking and memory is the,1,jacobian_lens,1,:,flu,29
example_005,organ-location-brain,organ-location,Fact: The bony structure that encases the organ responsible for thinking and memory is the,1,jacobian_lens,2, The, Crown,0
example_005,organ-location-brain,organ-location,Fact: The bony structure that encases the organ responsible for thinking and memory is the,1,jacobian_lens,3, b,ishing,0
example_005,organ-location-brain,organ-location,Fact: The bony structure that encases the organ responsible for thinking and memory is the,1,jacobian_lens,4,ony,ony,0
example_005,organ-location-brain,organ-location,Fact: The bony structure that encases the organ responsible for thinking and memory is the,1,jacobian_lens,5, structure, structure,0
example_005,organ-location-brain,organ-location,Fact: The bony structure that encases the organ responsible for thinking and memory is the,1,jacobian_lens,6, that, â,2
example_005,organ-location-brain,organ-location,Fact: The bony structure that encases the organ responsible for thinking and memory is the,1,jacobian_lens,7, enc, enc,0
example_005,organ-location-brain,organ-location,Fact: The bony structure that encases the organ responsible for thinking and memory is the,1,jacobian_lens,8,ases, latter,0
example_005,organ-location-brain,organ-location,Fact: The bony structure that encases the organ responsible for thinking and memory is the,1,jacobian_lens,9, the,i,1
example_005,organ-location-brain,organ-location,Fact: The bony structure that encases the organ responsible for thinking and memory is the,1,jacobian_lens,10, organ, organ,0
example_005,organ-location-brain,organ-location,Fact: The bony structure that encases the organ responsible for thinking and memory is the,1,jacobian_lens,11, responsible, responsible,0
example_005,organ-location-brain,organ-location,Fact: The bony structure that encases the organ responsible for thinking and memory is the,1,jacobian_lens,12, for, hoá,51
example_005,organ-location-brain,organ-location,Fact: The bony structure that encases the organ responsible for thinking and memory is the,1,jacobian_lens,13, thinking, things,1
example_005,organ-location-brain,organ-location,Fact: The bony structure that encases the organ responsible for thinking and memory is the,1,jacobian_lens,14, and,s,9
example_005,organ-location-brain,organ-location,Fact: The bony structure that encases the organ responsible for thinking and memory is the,1,jacobian_lens,15, memory, memory,0
example_005,organ-location-brain,organ-location,Fact: The bony structure that encases the organ responsible for thinking and memory is the,1,jacobian_lens,16, is, being,0
example_005,organ-location-brain,organ-location,Fact: The bony structure that encases the organ responsible for thinking and memory is the,1,jacobian_lens,17, the, series,0
example_005,organ-location-brain,organ-location,Fact: The bony structure that encases the organ responsible for thinking and memory is the,2,jacobian_lens,0,Fact, Fact,0
example_005,organ-location-brain,organ-location,Fact: The bony structure that encases the organ responsible for thinking and memory is the,2,jacobian_lens,1,:,黄花,10
example_005,organ-location-brain,organ-location,Fact: The bony structure that encases the organ responsible for thinking and memory is the,2,jacobian_lens,2, The, Forest,0
example_005,organ-location-brain,organ-location,Fact: The bony structure that encases the organ responsible for thinking and memory is the,2,jacobian_lens,3, b, hb,0
example_005,organ-location-brain,organ-location,Fact: The bony structure that encases the organ responsible for thinking and memory is the,2,jacobian_lens,4,ony,bone,0
example_005,organ-location-brain,organ-location,Fact: The bony structure that encases the organ responsible for thinking and memory is the,2,jacobian_lens,5, structure, structure,0
example_005,organ-location-brain,organ-location,Fact: The bony structure that encases the organ responsible for thinking and memory is the,2,jacobian_lens,6, that, â,1
example_005,organ-location-brain,organ-location,Fact: The bony structure that encases the organ responsible for thinking and memory is the,2,jacobian_lens,7, enc, enc,0
example_005,organ-location-brain,organ-location,Fact: The bony structure that encases the organ responsible for thinking and memory is the,2,jacobian_lens,8,ases,e,1
example_005,organ-location-brain,organ-location,Fact: The bony structure that encases the organ responsible for thinking and memory is the,2,jacobian_lens,9, the, the,1
example_005,organ-location-brain,organ-location,Fact: The bony structure that encases the organ responsible for thinking and memory is the,2,jacobian_lens,10, organ, organ,0
example_005,organ-location-brain,organ-location,Fact: The bony structure that encases the organ responsible for thinking and memory is the,2,jacobian_lens,11, responsible, responsible,0
example_005,organ-location-brain,organ-location,Fact: The bony structure that encases the organ responsible for thinking and memory is the,2,jacobian_lens,12, for, many,27
example_005,organ-location-brain,organ-location,Fact: The bony structure that encases the organ responsible for thinking and memory is the,2,jacobian_lens,13, thinking, thinking,0
example_005,organ-location-brain,organ-location,Fact: The bony structure that encases the organ responsible for thinking and memory is the,2,jacobian_lens,14, and,s,2
example_005,organ-location-brain,organ-location,Fact: The bony structure that encases the organ responsible for thinking and memory is the,2,jacobian_lens,15, memory, memory,0
example_005,organ-location-brain,organ-location,Fact: The bony structure that encases the organ responsible for thinking and memory is the,2,jacobian_lens,16, is, being,1
example_005,organ-location-brain,organ-location,Fact: The bony structure that encases the organ responsible for thinking and memory is the,2,jacobian_lens,17, the, Americans,0
example_005,organ-location-brain,organ-location,Fact: The bony structure that encases the organ responsible for thinking and memory is the,3,jacobian_lens,0,Fact, Fact,0
example_005,organ-location-brain,organ-location,Fact: The bony structure that encases the organ responsible for thinking and memory is the,3,jacobian_lens,1,:, NYT,24
example_005,organ-location-brain,organ-location,Fact: The bony structure that encases the organ responsible for thinking and memory is the,3,jacobian_lens,2, The, Forest,1
example_005,organ-location-brain,organ-location,Fact: The bony structure that encases the organ responsible for thinking and memory is the,3,jacobian_lens,3, b,ishing,0
example_005,organ-location-brain,organ-location,Fact: The bony structure that encases the organ responsible for thinking and memory is the,3,jacobian_lens,4,ony, bones,0
example_005,organ-location-brain,organ-location,Fact: The bony structure that encases the organ responsible for thinking and memory is the,3,jacobian_lens,5, structure, structures,0
example_005,organ-location-brain,organ-location,Fact: The bony structure that encases the organ responsible for thinking and memory is the,3,jacobian_lens,6, that,ists,19
example_005,organ-location-brain,organ-location,Fact: The bony structure that encases the organ responsible for thinking and memory is the,3,jacobian_lens,7, enc, enc,0
example_005,organ-location-brain,organ-location,Fact: The bony structure that encases the organ responsible for thinking and memory is the,3,jacobian_lens,8,ases, latter,0
example_005,organ-location-brain,organ-location,Fact: The bony structure that encases the organ responsible for thinking and memory is the,3,jacobian_lens,9, the,kh,0
example_005,organ-location-brain,organ-location,Fact: The bony structure that encases the organ responsible for thinking and memory is the,3,jacobian_lens,10, organ, organ,0
example_005,organ-location-brain,organ-location,Fact: The bony structure that encases the organ responsible for thinking and memory is the,3,jacobian_lens,11, responsible, responsible,0
example_005,organ-location-brain,organ-location,Fact: The bony structure that encases the organ responsible for thinking and memory is the,3,jacobian_lens,12, for, specialised,66
example_005,organ-location-brain,organ-location,Fact: The bony structure that encases the organ responsible for thinking and memory is the,3,jacobian_lens,13, thinking, thinking,0
example_005,organ-location-brain,organ-location,Fact: The bony structure that encases the organ responsible for thinking and memory is the,3,jacobian_lens,14, and,s,15
example_005,organ-location-brain,organ-location,Fact: The bony structure that encases the organ responsible for thinking and memory is the,3,jacobian_lens,15, memory, memory,0
example_005,organ-location-brain,organ-location,Fact: The bony structure that encases the organ responsible for thinking and memory is the,3,jacobian_lens,16, is, being,1
example_005,organ-location-brain,organ-location,Fact: The bony structure that encases the organ responsible for thinking and memory is the,3,jacobian_lens,17, the, people,1
example_005,organ-location-brain,organ-location,Fact: The bony structure that encases the organ responsible for thinking and memory is the,4,jacobian_lens,0,Fact, Fact,0
example_005,organ-location-brain,organ-location,Fact: The bony structure that encases the organ responsible for thinking and memory is the,4,jacobian_lens,1,:, NYT,17
example_005,organ-location-brain,organ-location,Fact: The bony structure that encases the organ responsible for thinking and memory is the,4,jacobian_lens,2, The, Crown,3
example_005,organ-location-brain,organ-location,Fact: The bony structure that encases the organ responsible for thinking and memory is the,4,jacobian_lens,3, b,ishing,0
example_005,organ-location-brain,organ-location,Fact: The bony structure that encases the organ responsible for thinking and memory is the,4,jacobian_lens,4,ony, bones,0
example_005,organ-location-brain,organ-location,Fact: The bony structure that encases the organ responsible for thinking and memory is the,4,jacobian_lens,5, structure, structures,0
example_005,organ-location-brain,organ-location,Fact: The bony structure that encases the organ responsible for thinking and memory is the,4,jacobian_lens,6, that,ists,3
example_005,organ-location-brain,organ-location,Fact: The bony structure that encases the organ responsible for thinking and memory is the,4,jacobian_lens,7, enc,enc,0
example_005,organ-location-brain,organ-location,Fact: The bony structure that encases the organ responsible for thinking and memory is the,4,jacobian_lens,8,ases, envelop,0
example_005,organ-location-brain,organ-location,Fact: The bony structure that encases the organ responsible for thinking and memory is the,4,jacobian_lens,9, the, photographer,0
example_005,organ-location-brain,organ-location,Fact: The bony structure that encases the organ responsible for thinking and memory is the,4,jacobian_lens,10, organ, organ,0
example_005,organ-location-brain,organ-location,Fact: The bony structure that encases the organ responsible for thinking and memory is the,4,jacobian_lens,11, responsible, responsible,0
example_005,organ-location-brain,organ-location,Fact: The bony structure that encases the organ responsible for thinking and memory is the,4,jacobian_lens,12, for, death,32
example_005,organ-location-brain,organ-location,Fact: The bony structure that encases the organ responsible for thinking and memory is the,4,jacobian_lens,13, thinking, thinking,0
example_005,organ-location-brain,organ-location,Fact: The bony structure that encases the organ responsible for thinking and memory is the,4,jacobian_lens,14, and,s,4
example_005,organ-location-brain,organ-location,Fact: The bony structure that encases the organ responsible for thinking and memory is the,4,jacobian_lens,15, memory, memory,0
example_005,organ-location-brain,organ-location,Fact: The bony structure that encases the organ responsible for thinking and memory is the,4,jacobian_lens,16, is, is,4
example_005,organ-location-brain,organ-location,Fact: The bony structure that encases the organ responsible for thinking and memory is the,4,jacobian_lens,17, the, Americans,0
example_005,organ-location-brain,organ-location,Fact: The bony structure that encases the organ responsible for thinking and memory is the,5,jacobian_lens,0,Fact, Fact,0
example_005,organ-location-brain,organ-location,Fact: The bony structure that encases the organ responsible for thinking and memory is the,5,jacobian_lens,1,:, Fact,9
example_005,organ-location-brain,organ-location,Fact: The bony structure that encases the organ responsible for thinking and memory is the,5,jacobian_lens,2, The, Crown,0
example_005,organ-location-brain,organ-location,Fact: The bony structure that encases the organ responsible for thinking and memory is the,5,jacobian_lens,3, b,ishing,0
example_005,organ-location-brain,organ-location,Fact: The bony structure that encases the organ responsible for thinking and memory is the,5,jacobian_lens,4,ony, bones,0
example_005,organ-location-brain,organ-location,Fact: The bony structure that encases the organ responsible for thinking and memory is the,5,jacobian_lens,5, structure, structures,0
example_005,organ-location-brain,organ-location,Fact: The bony structure that encases the organ responsible for thinking and memory is the,5,jacobian_lens,6, that,ists,1
example_005,organ-location-brain,organ-location,Fact: The bony structure that encases the organ responsible for thinking and memory is the,5,jacobian_lens,7, enc,enc,0
example_005,organ-location-brain,organ-location,Fact: The bony structure that encases the organ responsible for thinking and memory is the,5,jacobian_lens,8,ases, encaps,0
example_005,organ-location-brain,organ-location,Fact: The bony structure that encases the organ responsible for thinking and memory is the,5,jacobian_lens,9, the, crown,0
example_005,organ-location-brain,organ-location,Fact: The bony structure that encases the organ responsible for thinking and memory is the,5,jacobian_lens,10, organ, organ,0
example_005,organ-location-brain,organ-location,Fact: The bony structure that encases the organ responsible for thinking and memory is the,5,jacobian_lens,11, responsible, responsible,0
example_005,organ-location-brain,organ-location,Fact: The bony structure that encases the organ responsible for thinking and memory is the,5,jacobian_lens,12, for, death,10
example_005,organ-location-brain,organ-location,Fact: The bony structure that encases the organ responsible for thinking and memory is the,5,jacobian_lens,13, thinking, thinking,0
example_005,organ-location-brain,organ-location,Fact: The bony structure that encases the organ responsible for thinking and memory is the,5,jacobian_lens,14, and,s,7
example_005,organ-location-brain,organ-location,Fact: The bony structure that encases the organ responsible for thinking and memory is the,5,jacobian_lens,15, memory, memory,0
example_005,organ-location-brain,organ-location,Fact: The bony structure that encases the organ responsible for thinking and memory is the,5,jacobian_lens,16, is,omorphic,3
example_005,organ-location-brain,organ-location,Fact: The bony structure that encases the organ responsible for thinking and memory is the,5,jacobian_lens,17, the, American,0
example_005,organ-location-brain,organ-location,Fact: The bony structure that encases the organ responsible for thinking and memory is the,6,jacobian_lens,0,Fact, itself,0
example_005,organ-location-brain,organ-location,Fact: The bony structure that encases the organ responsible for thinking and memory is the,6,jacobian_lens,1,:, Fact,2
example_005,organ-location-brain,organ-location,Fact: The bony structure that encases the organ responsible for thinking and memory is the,6,jacobian_lens,2, The, Crown,0
example_005,organ-location-brain,organ-location,Fact: The bony structure that encases the organ responsible for thinking and memory is the,6,jacobian_lens,3, b,ishing,0
example_005,organ-location-brain,organ-location,Fact: The bony structure that encases the organ responsible for thinking and memory is the,6,jacobian_lens,4,ony, bones,0
example_005,organ-location-brain,organ-location,Fact: The bony structure that encases the organ responsible for thinking and memory is the,6,jacobian_lens,5, structure, structures,0
example_005,organ-location-brain,organ-location,Fact: The bony structure that encases the organ responsible for thinking and memory is the,6,jacobian_lens,6, that, verte,1
example_005,organ-location-brain,organ-location,Fact: The bony structure that encases the organ responsible for thinking and memory is the,6,jacobian_lens,7, enc, enc,0
example_005,organ-location-brain,organ-location,Fact: The bony structure that encases the organ responsible for thinking and memory is the,6,jacobian_lens,8,ases, encaps,0
example_005,organ-location-brain,organ-location,Fact: The bony structure that encases the organ responsible for thinking and memory is the,6,jacobian_lens,9, the, tub,0
example_005,organ-location-brain,organ-location,Fact: The bony structure that encases the organ responsible for thinking and memory is the,6,jacobian_lens,10, organ, organs,0
example_005,organ-location-brain,organ-location,Fact: The bony structure that encases the organ responsible for thinking and memory is the,6,jacobian_lens,11, responsible, responsible,0
example_005,organ-location-brain,organ-location,Fact: The bony structure that encases the organ responsible for thinking and memory is the,6,jacobian_lens,12, for, anatom,4
example_005,organ-location-brain,organ-location,Fact: The bony structure that encases the organ responsible for thinking and memory is the,6,jacobian_lens,13, thinking, mind,0
example_005,organ-location-brain,organ-location,Fact: The bony structure that encases the organ responsible for thinking and memory is the,6,jacobian_lens,14, and, psychologists,2
example_005,organ-location-brain,organ-location,Fact: The bony structure that encases the organ responsible for thinking and memory is the,6,jacobian_lens,15, memory, memory,0
example_005,organ-location-brain,organ-location,Fact: The bony structure that encases the organ responsible for thinking and memory is the,6,jacobian_lens,16, is,omorphic,2
example_005,organ-location-brain,organ-location,Fact: The bony structure that encases the organ responsible for thinking and memory is the,6,jacobian_lens,17, the, American,3
example_005,organ-location-brain,organ-location,Fact: The bony structure that encases the organ responsible for thinking and memory is the,7,jacobian_lens,0,Fact, Fact,0
example_005,organ-location-brain,organ-location,Fact: The bony structure that encases the organ responsible for thinking and memory is the,7,jacobian_lens,1,:, Fact,1
example_005,organ-location-brain,organ-location,Fact: The bony structure that encases the organ responsible for thinking and memory is the,7,jacobian_lens,2, The, Crown,0
example_005,organ-location-brain,organ-location,Fact: The bony structure that encases the organ responsible for thinking and memory is the,7,jacobian_lens,3, b,ishing,0
example_005,organ-location-brain,organ-location,Fact: The bony structure that encases the organ responsible for thinking and memory is the,7,jacobian_lens,4,ony, bones,0
example_005,organ-location-brain,organ-location,Fact: The bony structure that encases the organ responsible for thinking and memory is the,7,jacobian_lens,5, structure, structure,0
example_005,organ-location-brain,organ-location,Fact: The bony structure that encases the organ responsible for thinking and memory is the,7,jacobian_lens,6, that, verte,0
example_005,organ-location-brain,organ-location,Fact: The bony structure that encases the organ responsible for thinking and memory is the,7,jacobian_lens,7, enc, enc,0
example_005,organ-location-brain,organ-location,Fact: The bony structure that encases the organ responsible for thinking and memory is the,7,jacobian_lens,8,ases, envelop,0
example_005,organ-location-brain,organ-location,Fact: The bony structure that encases the organ responsible for thinking and memory is the,7,jacobian_lens,9, the, tub,0
example_005,organ-location-brain,organ-location,Fact: The bony structure that encases the organ responsible for thinking and memory is the,7,jacobian_lens,10, organ, organ,0
example_005,organ-location-brain,organ-location,Fact: The bony structure that encases the organ responsible for thinking and memory is the,7,jacobian_lens,11, responsible, responsible,0
example_005,organ-location-brain,organ-location,Fact: The bony structure that encases the organ responsible for thinking and memory is the,7,jacobian_lens,12, for, reproductive,2
example_005,organ-location-brain,organ-location,Fact: The bony structure that encases the organ responsible for thinking and memory is the,7,jacobian_lens,13, thinking, mind,0
example_005,organ-location-brain,organ-location,Fact: The bony structure that encases the organ responsible for thinking and memory is the,7,jacobian_lens,14, and, psychologists,1
example_005,organ-location-brain,organ-location,Fact: The bony structure that encases the organ responsible for thinking and memory is the,7,jacobian_lens,15, memory, memory,0
example_005,organ-location-brain,organ-location,Fact: The bony structure that encases the organ responsible for thinking and memory is the,7,jacobian_lens,16, is, cortex,4
example_005,organ-location-brain,organ-location,Fact: The bony structure that encases the organ responsible for thinking and memory is the,7,jacobian_lens,17, the, eagle,1
example_005,organ-location-brain,organ-location,Fact: The bony structure that encases the organ responsible for thinking and memory is the,8,jacobian_lens,0,Fact,adro,0
example_005,organ-location-brain,organ-location,Fact: The bony structure that encases the organ responsible for thinking and memory is the,8,jacobian_lens,1,:, Fact,0
example_005,organ-location-brain,organ-location,Fact: The bony structure that encases the organ responsible for thinking and memory is the,8,jacobian_lens,2, The, Crown,1
example_005,organ-location-brain,organ-location,Fact: The bony structure that encases the organ responsible for thinking and memory is the,8,jacobian_lens,3, b,ishing,0
example_005,organ-location-brain,organ-location,Fact: The bony structure that encases the organ responsible for thinking and memory is the,8,jacobian_lens,4,ony, bones,0
example_005,organ-location-brain,organ-location,Fact: The bony structure that encases the organ responsible for thinking and memory is the,8,jacobian_lens,5, structure, structures,0
example_005,organ-location-brain,organ-location,Fact: The bony structure that encases the organ responsible for thinking and memory is the,8,jacobian_lens,6, that, verte,0
example_005,organ-location-brain,organ-location,Fact: The bony structure that encases the organ responsible for thinking and memory is the,8,jacobian_lens,7, enc, enc,0
example_005,organ-location-brain,organ-location,Fact: The bony structure that encases the organ responsible for thinking and memory is the,8,jacobian_lens,8,ases, envelop,0
example_005,organ-location-brain,organ-location,Fact: The bony structure that encases the organ responsible for thinking and memory is the,8,jacobian_lens,9, the, nucleus,0
example_005,organ-location-brain,organ-location,Fact: The bony structure that encases the organ responsible for thinking and memory is the,8,jacobian_lens,10, organ, organs,0
example_005,organ-location-brain,organ-location,Fact: The bony structure that encases the organ responsible for thinking and memory is the,8,jacobian_lens,11, responsible, responsible,0
example_005,organ-location-brain,organ-location,Fact: The bony structure that encases the organ responsible for thinking and memory is the,8,jacobian_lens,12, for, reproductive,9
example_005,organ-location-brain,organ-location,Fact: The bony structure that encases the organ responsible for thinking and memory is the,8,jacobian_lens,13, thinking, brain,1
example_005,organ-location-brain,organ-location,Fact: The bony structure that encases the organ responsible for thinking and memory is the,8,jacobian_lens,14, and, psychologists,0
example_005,organ-location-brain,organ-location,Fact: The bony structure that encases the organ responsible for thinking and memory is the,8,jacobian_lens,15, memory, memory,0
example_005,organ-location-brain,organ-location,Fact: The bony structure that encases the organ responsible for thinking and memory is the,8,jacobian_lens,16, is, cortex,2
example_005,organ-location-brain,organ-location,Fact: The bony structure that encases the organ responsible for thinking and memory is the,8,jacobian_lens,17, the, membran,1
example_005,organ-location-brain,organ-location,Fact: The bony structure that encases the organ responsible for thinking and memory is the,9,jacobian_lens,0,Fact, Property,0
example_005,organ-location-brain,organ-location,Fact: The bony structure that encases the organ responsible for thinking and memory is the,9,jacobian_lens,1,:, Facts,0
example_005,organ-location-brain,organ-location,Fact: The bony structure that encases the organ responsible for thinking and memory is the,9,jacobian_lens,2, The, Science,1
example_005,organ-location-brain,organ-location,Fact: The bony structure that encases the organ responsible for thinking and memory is the,9,jacobian_lens,3, b,ura,0
example_005,organ-location-brain,organ-location,Fact: The bony structure that encases the organ responsible for thinking and memory is the,9,jacobian_lens,4,ony, bones,0
example_005,organ-location-brain,organ-location,Fact: The bony structure that encases the organ responsible for thinking and memory is the,9,jacobian_lens,5, structure, structures,0
example_005,organ-location-brain,organ-location,Fact: The bony structure that encases the organ responsible for thinking and memory is the,9,jacobian_lens,6, that, verte,0
example_005,organ-location-brain,organ-location,Fact: The bony structure that encases the organ responsible for thinking and memory is the,9,jacobian_lens,7, enc, enc,2
example_005,organ-location-brain,organ-location,Fact: The bony structure that encases the organ responsible for thinking and memory is the,9,jacobian_lens,8,ases, shields,1
example_005,organ-location-brain,organ-location,Fact: The bony structure that encases the organ responsible for thinking and memory is the,9,jacobian_lens,9, the, nucleus,1
example_005,organ-location-brain,organ-location,Fact: The bony structure that encases the organ responsible for thinking and memory is the,9,jacobian_lens,10, organ, organs,0
example_005,organ-location-brain,organ-location,Fact: The bony structure that encases the organ responsible for thinking and memory is the,9,jacobian_lens,11, responsible, responsible,0
example_005,organ-location-brain,organ-location,Fact: The bony structure that encases the organ responsible for thinking and memory is the,9,jacobian_lens,12, for, reproductive,5
example_005,organ-location-brain,organ-location,Fact: The bony structure that encases the organ responsible for thinking and memory is the,9,jacobian_lens,13, thinking, brain,0
example_005,organ-location-brain,organ-location,Fact: The bony structure that encases the organ responsible for thinking and memory is the,9,jacobian_lens,14, and, psychologists,10
example_005,organ-location-brain,organ-location,Fact: The bony structure that encases the organ responsible for thinking and memory is the,9,jacobian_lens,15, memory, memory,0
example_005,organ-location-brain,organ-location,Fact: The bony structure that encases the organ responsible for thinking and memory is the,9,jacobian_lens,16, is, cortex,6
example_005,organ-location-brain,organ-location,Fact: The bony structure that encases the organ responsible for thinking and memory is the,9,jacobian_lens,17, the, womb,3
example_005,organ-location-brain,organ-location,Fact: The bony structure that encases the organ responsible for thinking and memory is the,10,jacobian_lens,0,Fact,eur,0
example_005,organ-location-brain,organ-location,Fact: The bony structure that encases the organ responsible for thinking and memory is the,10,jacobian_lens,1,:, Facts,1
example_005,organ-location-brain,organ-location,Fact: The bony structure that encases the organ responsible for thinking and memory is the,10,jacobian_lens,2, The, People,1
example_005,organ-location-brain,organ-location,Fact: The bony structure that encases the organ responsible for thinking and memory is the,10,jacobian_lens,3, b,ura,1
example_005,organ-location-brain,organ-location,Fact: The bony structure that encases the organ responsible for thinking and memory is the,10,jacobian_lens,4,ony, bones,0
example_005,organ-location-brain,organ-location,Fact: The bony structure that encases the organ responsible for thinking and memory is the,10,jacobian_lens,5, structure, structures,0
example_005,organ-location-brain,organ-location,Fact: The bony structure that encases the organ responsible for thinking and memory is the,10,jacobian_lens,6, that, verte,1
example_005,organ-location-brain,organ-location,Fact: The bony structure that encases the organ responsible for thinking and memory is the,10,jacobian_lens,7, enc,shield,2
example_005,organ-location-brain,organ-location,Fact: The bony structure that encases the organ responsible for thinking and memory is the,10,jacobian_lens,8,ases, shields,0
example_005,organ-location-brain,organ-location,Fact: The bony structure that encases the organ responsible for thinking and memory is the,10,jacobian_lens,9, the, tub,1
example_005,organ-location-brain,organ-location,Fact: The bony structure that encases the organ responsible for thinking and memory is the,10,jacobian_lens,10, organ, organs,0
example_005,organ-location-brain,organ-location,Fact: The bony structure that encases the organ responsible for thinking and memory is the,10,jacobian_lens,11, responsible, responsible,0
example_005,organ-location-brain,organ-location,Fact: The bony structure that encases the organ responsible for thinking and memory is the,10,jacobian_lens,12, for, reproductive,7
example_005,organ-location-brain,organ-location,Fact: The bony structure that encases the organ responsible for thinking and memory is the,10,jacobian_lens,13, thinking, brain,0
example_005,organ-location-brain,organ-location,Fact: The bony structure that encases the organ responsible for thinking and memory is the,10,jacobian_lens,14, and, psychologists,11
example_005,organ-location-brain,organ-location,Fact: The bony structure that encases the organ responsible for thinking and memory is the,10,jacobian_lens,15, memory, memory,0
example_005,organ-location-brain,organ-location,Fact: The bony structure that encases the organ responsible for thinking and memory is the,10,jacobian_lens,16, is, located,7
example_005,organ-location-brain,organ-location,Fact: The bony structure that encases the organ responsible for thinking and memory is the,10,jacobian_lens,17, the, name,4
example_005,organ-location-brain,organ-location,Fact: The bony structure that encases the organ responsible for thinking and memory is the,11,jacobian_lens,0,Fact, Fact,1
example_005,organ-location-brain,organ-location,Fact: The bony structure that encases the organ responsible for thinking and memory is the,11,jacobian_lens,1,:, Facts,0
example_005,organ-location-brain,organ-location,Fact: The bony structure that encases the organ responsible for thinking and memory is the,11,jacobian_lens,2, The, British,2
example_005,organ-location-brain,organ-location,Fact: The bony structure that encases the organ responsible for thinking and memory is the,11,jacobian_lens,3, b,ura,0
example_005,organ-location-brain,organ-location,Fact: The bony structure that encases the organ responsible for thinking and memory is the,11,jacobian_lens,4,ony, bones,0
example_005,organ-location-brain,organ-location,Fact: The bony structure that encases the organ responsible for thinking and memory is the,11,jacobian_lens,5, structure, structure,1
example_005,organ-location-brain,organ-location,Fact: The bony structure that encases the organ responsible for thinking and memory is the,11,jacobian_lens,6, that, verte,3
example_005,organ-location-brain,organ-location,Fact: The bony structure that encases the organ responsible for thinking and memory is the,11,jacobian_lens,7, enc,shield,1
example_005,organ-location-brain,organ-location,Fact: The bony structure that encases the organ responsible for thinking and memory is the,11,jacobian_lens,8,ases, shields,0
example_005,organ-location-brain,organ-location,Fact: The bony structure that encases the organ responsible for thinking and memory is the,11,jacobian_lens,9, the, tub,1
example_005,organ-location-brain,organ-location,Fact: The bony structure that encases the organ responsible for thinking and memory is the,11,jacobian_lens,10, organ, organs,0
example_005,organ-location-brain,organ-location,Fact: The bony structure that encases the organ responsible for thinking and memory is the,11,jacobian_lens,11, responsible, responsible,0
example_005,organ-location-brain,organ-location,Fact: The bony structure that encases the organ responsible for thinking and memory is the,11,jacobian_lens,12, for, reproductive,7
example_005,organ-location-brain,organ-location,Fact: The bony structure that encases the organ responsible for thinking and memory is the,11,jacobian_lens,13, thinking, brain,0
example_005,organ-location-brain,organ-location,Fact: The bony structure that encases the organ responsible for thinking and memory is the,11,jacobian_lens,14, and, psychologists,11
example_005,organ-location-brain,organ-location,Fact: The bony structure that encases the organ responsible for thinking and memory is the,11,jacobian_lens,15, memory, memory,0
example_005,organ-location-brain,organ-location,Fact: The bony structure that encases the organ responsible for thinking and memory is the,11,jacobian_lens,16, is, anatom,13
example_005,organ-location-brain,organ-location,Fact: The bony structure that encases the organ responsible for thinking and memory is the,11,jacobian_lens,17, the, name,8
example_005,organ-location-brain,organ-location,Fact: The bony structure that encases the organ responsible for thinking and memory is the,12,jacobian_lens,0,Fact, Fact,0
example_005,organ-location-brain,organ-location,Fact: The bony structure that encases the organ responsible for thinking and memory is the,12,jacobian_lens,1,:, Fact,0
example_005,organ-location-brain,organ-location,Fact: The bony structure that encases the organ responsible for thinking and memory is the,12,jacobian_lens,2, The, British,2
example_005,organ-location-brain,organ-location,Fact: The bony structure that encases the organ responsible for thinking and memory is the,12,jacobian_lens,3, b,ura,0
example_005,organ-location-brain,organ-location,Fact: The bony structure that encases the organ responsible for thinking and memory is the,12,jacobian_lens,4,ony, bones,0
example_005,organ-location-brain,organ-location,Fact: The bony structure that encases the organ responsible for thinking and memory is the,12,jacobian_lens,5, structure, structure,0
example_005,organ-location-brain,organ-location,Fact: The bony structure that encases the organ responsible for thinking and memory is the,12,jacobian_lens,6, that, verte,0
example_005,organ-location-brain,organ-location,Fact: The bony structure that encases the organ responsible for thinking and memory is the,12,jacobian_lens,7, enc,shield,2
example_005,organ-location-brain,organ-location,Fact: The bony structure that encases the organ responsible for thinking and memory is the,12,jacobian_lens,8,ases, shields,0
example_005,organ-location-brain,organ-location,Fact: The bony structure that encases the organ responsible for thinking and memory is the,12,jacobian_lens,9, the, nucleus,0
example_005,organ-location-brain,organ-location,Fact: The bony structure that encases the organ responsible for thinking and memory is the,12,jacobian_lens,10, organ, organs,0
example_005,organ-location-brain,organ-location,Fact: The bony structure that encases the organ responsible for thinking and memory is the,12,jacobian_lens,11, responsible, responsible,0
example_005,organ-location-brain,organ-location,Fact: The bony structure that encases the organ responsible for thinking and memory is the,12,jacobian_lens,12, for, urinary,11
example_005,organ-location-brain,organ-location,Fact: The bony structure that encases the organ responsible for thinking and memory is the,12,jacobian_lens,13, thinking, brain,0
example_005,organ-location-brain,organ-location,Fact: The bony structure that encases the organ responsible for thinking and memory is the,12,jacobian_lens,14, and, psychologists,9
example_005,organ-location-brain,organ-location,Fact: The bony structure that encases the organ responsible for thinking and memory is the,12,jacobian_lens,15, memory, memory,0
example_005,organ-location-brain,organ-location,Fact: The bony structure that encases the organ responsible for thinking and memory is the,12,jacobian_lens,16, is, anatom,27
example_005,organ-location-brain,organ-location,Fact: The bony structure that encases the organ responsible for thinking and memory is the,12,jacobian_lens,17, the, anatom,13
example_005,organ-location-brain,organ-location,Fact: The bony structure that encases the organ responsible for thinking and memory is the,13,jacobian_lens,0,Fact, Fact,0
example_005,organ-location-brain,organ-location,Fact: The bony structure that encases the organ responsible for thinking and memory is the,13,jacobian_lens,1,:, Fact,0
example_005,organ-location-brain,organ-location,Fact: The bony structure that encases the organ responsible for thinking and memory is the,13,jacobian_lens,2, The, Museum,1
example_005,organ-location-brain,organ-location,Fact: The bony structure that encases the organ responsible for thinking and memory is the,13,jacobian_lens,3, b,osph,0
example_005,organ-location-brain,organ-location,Fact: The bony structure that encases the organ responsible for thinking and memory is the,13,jacobian_lens,4,ony, bones,0
example_005,organ-location-brain,organ-location,Fact: The bony structure that encases the organ responsible for thinking and memory is the,13,jacobian_lens,5, structure, structure,0
example_005,organ-location-brain,organ-location,Fact: The bony structure that encases the organ responsible for thinking and memory is the,13,jacobian_lens,6, that, verte,1
example_005,organ-location-brain,organ-location,Fact: The bony structure that encases the organ responsible for thinking and memory is the,13,jacobian_lens,7, enc,shield,1
example_005,organ-location-brain,organ-location,Fact: The bony structure that encases the organ responsible for thinking and memory is the,13,jacobian_lens,8,ases, shields,0
example_005,organ-location-brain,organ-location,Fact: The bony structure that encases the organ responsible for thinking and memory is the,13,jacobian_lens,9, the, nucleus,0
example_005,organ-location-brain,organ-location,Fact: The bony structure that encases the organ responsible for thinking and memory is the,13,jacobian_lens,10, organ, organs,0
example_005,organ-location-brain,organ-location,Fact: The bony structure that encases the organ responsible for thinking and memory is the,13,jacobian_lens,11, responsible, responsible,0
example_005,organ-location-brain,organ-location,Fact: The bony structure that encases the organ responsible for thinking and memory is the,13,jacobian_lens,12, for, urinary,18
example_005,organ-location-brain,organ-location,Fact: The bony structure that encases the organ responsible for thinking and memory is the,13,jacobian_lens,13, thinking, brain,0
example_005,organ-location-brain,organ-location,Fact: The bony structure that encases the organ responsible for thinking and memory is the,13,jacobian_lens,14, and, sciences,8
example_005,organ-location-brain,organ-location,Fact: The bony structure that encases the organ responsible for thinking and memory is the,13,jacobian_lens,15, memory, memory,0
example_005,organ-location-brain,organ-location,Fact: The bony structure that encases the organ responsible for thinking and memory is the,13,jacobian_lens,16, is, anatom,15
example_005,organ-location-brain,organ-location,Fact: The bony structure that encases the organ responsible for thinking and memory is the,13,jacobian_lens,17, the, anatom,39
example_005,organ-location-brain,organ-location,Fact: The bony structure that encases the organ responsible for thinking and memory is the,14,jacobian_lens,0,Fact,dpa,0
example_005,organ-location-brain,organ-location,Fact: The bony structure that encases the organ responsible for thinking and memory is the,14,jacobian_lens,1,:, Facts,0
example_005,organ-location-brain,organ-location,Fact: The bony structure that encases the organ responsible for thinking and memory is the,14,jacobian_lens,2, The, Tree,0
example_005,organ-location-brain,organ-location,Fact: The bony structure that encases the organ responsible for thinking and memory is the,14,jacobian_lens,3, b,osph,0
example_005,organ-location-brain,organ-location,Fact: The bony structure that encases the organ responsible for thinking and memory is the,14,jacobian_lens,4,ony, bones,0
example_005,organ-location-brain,organ-location,Fact: The bony structure that encases the organ responsible for thinking and memory is the,14,jacobian_lens,5, structure, structure,0
example_005,organ-location-brain,organ-location,Fact: The bony structure that encases the organ responsible for thinking and memory is the,14,jacobian_lens,6, that, used,1
example_005,organ-location-brain,organ-location,Fact: The bony structure that encases the organ responsible for thinking and memory is the,14,jacobian_lens,7, enc,shield,0
example_005,organ-location-brain,organ-location,Fact: The bony structure that encases the organ responsible for thinking and memory is the,14,jacobian_lens,8,ases, shields,0
example_005,organ-location-brain,organ-location,Fact: The bony structure that encases the organ responsible for thinking and memory is the,14,jacobian_lens,9, the, bones,0
example_005,organ-location-brain,organ-location,Fact: The bony structure that encases the organ responsible for thinking and memory is the,14,jacobian_lens,10, organ, organs,0
example_005,organ-location-brain,organ-location,Fact: The bony structure that encases the organ responsible for thinking and memory is the,14,jacobian_lens,11, responsible, responsible,0
example_005,organ-location-brain,organ-location,Fact: The bony structure that encases the organ responsible for thinking and memory is the,14,jacobian_lens,12, for, urinary,1
example_005,organ-location-brain,organ-location,Fact: The bony structure that encases the organ responsible for thinking and memory is the,14,jacobian_lens,13, thinking, neuroscience,0
example_005,organ-location-brain,organ-location,Fact: The bony structure that encases the organ responsible for thinking and memory is the,14,jacobian_lens,14, and, psychology,0
example_005,organ-location-brain,organ-location,Fact: The bony structure that encases the organ responsible for thinking and memory is the,14,jacobian_lens,15, memory, memory,0
example_005,organ-location-brain,organ-location,Fact: The bony structure that encases the organ responsible for thinking and memory is the,14,jacobian_lens,16, is, called,8
example_005,organ-location-brain,organ-location,Fact: The bony structure that encases the organ responsible for thinking and memory is the,14,jacobian_lens,17, the, anatom,58
example_005,organ-location-brain,organ-location,Fact: The bony structure that encases the organ responsible for thinking and memory is the,15,jacobian_lens,0,Fact, Fact,0
example_005,organ-location-brain,organ-location,Fact: The bony structure that encases the organ responsible for thinking and memory is the,15,jacobian_lens,1,:, Fact,0
example_005,organ-location-brain,organ-location,Fact: The bony structure that encases the organ responsible for thinking and memory is the,15,jacobian_lens,2, The, University,0
example_005,organ-location-brain,organ-location,Fact: The bony structure that encases the organ responsible for thinking and memory is the,15,jacobian_lens,3, b,osph,1
example_005,organ-location-brain,organ-location,Fact: The bony structure that encases the organ responsible for thinking and memory is the,15,jacobian_lens,4,ony, bones,0
example_005,organ-location-brain,organ-location,Fact: The bony structure that encases the organ responsible for thinking and memory is the,15,jacobian_lens,5, structure, structures,0
example_005,organ-location-brain,organ-location,Fact: The bony structure that encases the organ responsible for thinking and memory is the,15,jacobian_lens,6, that, was,0
example_005,organ-location-brain,organ-location,Fact: The bony structure that encases the organ responsible for thinking and memory is the,15,jacobian_lens,7, enc,shield,0
example_005,organ-location-brain,organ-location,Fact: The bony structure that encases the organ responsible for thinking and memory is the,15,jacobian_lens,8,ases, shields,0
example_005,organ-location-brain,organ-location,Fact: The bony structure that encases the organ responsible for thinking and memory is the,15,jacobian_lens,9, the, fetus,0
example_005,organ-location-brain,organ-location,Fact: The bony structure that encases the organ responsible for thinking and memory is the,15,jacobian_lens,10, organ, organs,0
example_005,organ-location-brain,organ-location,Fact: The bony structure that encases the organ responsible for thinking and memory is the,15,jacobian_lens,11, responsible, healthcare,18
example_005,organ-location-brain,organ-location,Fact: The bony structure that encases the organ responsible for thinking and memory is the,15,jacobian_lens,12, for, physiological,0
example_005,organ-location-brain,organ-location,Fact: The bony structure that encases the organ responsible for thinking and memory is the,15,jacobian_lens,13, thinking, brain,0
example_005,organ-location-brain,organ-location,Fact: The bony structure that encases the organ responsible for thinking and memory is the,15,jacobian_lens,14, and, neuroscience,0
example_005,organ-location-brain,organ-location,Fact: The bony structure that encases the organ responsible for thinking and memory is the,15,jacobian_lens,15, memory, memory,0
example_005,organ-location-brain,organ-location,Fact: The bony structure that encases the organ responsible for thinking and memory is the,15,jacobian_lens,16, is, called,8
example_005,organ-location-brain,organ-location,Fact: The bony structure that encases the organ responsible for thinking and memory is the,15,jacobian_lens,17, the, anatom,25
example_005,organ-location-brain,organ-location,Fact: The bony structure that encases the organ responsible for thinking and memory is the,16,jacobian_lens,0,Fact, Fact,0
example_005,organ-location-brain,organ-location,Fact: The bony structure that encases the organ responsible for thinking and memory is the,16,jacobian_lens,1,:, Humans,0
example_005,organ-location-brain,organ-location,Fact: The bony structure that encases the organ responsible for thinking and memory is the,16,jacobian_lens,2, The, University,0
example_005,organ-location-brain,organ-location,Fact: The bony structure that encases the organ responsible for thinking and memory is the,16,jacobian_lens,3, b,owl,0
example_005,organ-location-brain,organ-location,Fact: The bony structure that encases the organ responsible for thinking and memory is the,16,jacobian_lens,4,ony, bones,0
example_005,organ-location-brain,organ-location,Fact: The bony structure that encases the organ responsible for thinking and memory is the,16,jacobian_lens,5, structure, structures,0
example_005,organ-location-brain,organ-location,Fact: The bony structure that encases the organ responsible for thinking and memory is the,16,jacobian_lens,6, that, protects,0
example_005,organ-location-brain,organ-location,Fact: The bony structure that encases the organ responsible for thinking and memory is the,16,jacobian_lens,7, enc,shield,0
example_005,organ-location-brain,organ-location,Fact: The bony structure that encases the organ responsible for thinking and memory is the,16,jacobian_lens,8,ases, glands,0
example_005,organ-location-brain,organ-location,Fact: The bony structure that encases the organ responsible for thinking and memory is the,16,jacobian_lens,9, the, bones,0
example_005,organ-location-brain,organ-location,Fact: The bony structure that encases the organ responsible for thinking and memory is the,16,jacobian_lens,10, organ, organs,0
example_005,organ-location-brain,organ-location,Fact: The bony structure that encases the organ responsible for thinking and memory is the,16,jacobian_lens,11, responsible, responsible,5
example_005,organ-location-brain,organ-location,Fact: The bony structure that encases the organ responsible for thinking and memory is the,16,jacobian_lens,12, for, digestive,0
example_005,organ-location-brain,organ-location,Fact: The bony structure that encases the organ responsible for thinking and memory is the,16,jacobian_lens,13, thinking, brain,0
example_005,organ-location-brain,organ-location,Fact: The bony structure that encases the organ responsible for thinking and memory is the,16,jacobian_lens,14, and, brain,0
example_005,organ-location-brain,organ-location,Fact: The bony structure that encases the organ responsible for thinking and memory is the,16,jacobian_lens,15, memory, memory,0
example_005,organ-location-brain,organ-location,Fact: The bony structure that encases the organ responsible for thinking and memory is the,16,jacobian_lens,16, is, called,0
example_005,organ-location-brain,organ-location,Fact: The bony structure that encases the organ responsible for thinking and memory is the,16,jacobian_lens,17, the, brain,0
example_005,organ-location-brain,organ-location,Fact: The bony structure that encases the organ responsible for thinking and memory is the,17,jacobian_lens,0,Fact, Fact,0
example_005,organ-location-brain,organ-location,Fact: The bony structure that encases the organ responsible for thinking and memory is the,17,jacobian_lens,1,:, Humans,0
example_005,organ-location-brain,organ-location,Fact: The bony structure that encases the organ responsible for thinking and memory is the,17,jacobian_lens,2, The, Pentagon,0
example_005,organ-location-brain,organ-location,Fact: The bony structure that encases the organ responsible for thinking and memory is the,17,jacobian_lens,3, b,owl,0
example_005,organ-location-brain,organ-location,Fact: The bony structure that encases the organ responsible for thinking and memory is the,17,jacobian_lens,4,ony, bones,0
example_005,organ-location-brain,organ-location,Fact: The bony structure that encases the organ responsible for thinking and memory is the,17,jacobian_lens,5, structure, structures,0
example_005,organ-location-brain,organ-location,Fact: The bony structure that encases the organ responsible for thinking and memory is the,17,jacobian_lens,6, that, connects,0
example_005,organ-location-brain,organ-location,Fact: The bony structure that encases the organ responsible for thinking and memory is the,17,jacobian_lens,7, enc,shield,0
example_005,organ-location-brain,organ-location,Fact: The bony structure that encases the organ responsible for thinking and memory is the,17,jacobian_lens,8,ases, fibers,0
example_005,organ-location-brain,organ-location,Fact: The bony structure that encases the organ responsible for thinking and memory is the,17,jacobian_lens,9, the, bones,0
example_005,organ-location-brain,organ-location,Fact: The bony structure that encases the organ responsible for thinking and memory is the,17,jacobian_lens,10, organ, organs,0
example_005,organ-location-brain,organ-location,Fact: The bony structure that encases the organ responsible for thinking and memory is the,17,jacobian_lens,11, responsible,ponsible,0
example_005,organ-location-brain,organ-location,Fact: The bony structure that encases the organ responsible for thinking and memory is the,17,jacobian_lens,12, for, digestion,0
example_005,organ-location-brain,organ-location,Fact: The bony structure that encases the organ responsible for thinking and memory is the,17,jacobian_lens,13, thinking,的大脑,0
example_005,organ-location-brain,organ-location,Fact: The bony structure that encases the organ responsible for thinking and memory is the,17,jacobian_lens,14, and, brain,0
example_005,organ-location-brain,organ-location,Fact: The bony structure that encases the organ responsible for thinking and memory is the,17,jacobian_lens,15, memory, memory,0
example_005,organ-location-brain,organ-location,Fact: The bony structure that encases the organ responsible for thinking and memory is the,17,jacobian_lens,16, is, called,0
example_005,organ-location-brain,organ-location,Fact: The bony structure that encases the organ responsible for thinking and memory is the,17,jacobian_lens,17, the, brain,0
example_005,organ-location-brain,organ-location,Fact: The bony structure that encases the organ responsible for thinking and memory is the,18,jacobian_lens,0,Fact, Fact,0
example_005,organ-location-brain,organ-location,Fact: The bony structure that encases the organ responsible for thinking and memory is the,18,jacobian_lens,1,:, Humans,0
example_005,organ-location-brain,organ-location,Fact: The bony structure that encases the organ responsible for thinking and memory is the,18,jacobian_lens,2, The, Largest,0
example_005,organ-location-brain,organ-location,Fact: The bony structure that encases the organ responsible for thinking and memory is the,18,jacobian_lens,3, b,bs,6
example_005,organ-location-brain,organ-location,Fact: The bony structure that encases the organ responsible for thinking and memory is the,18,jacobian_lens,4,ony, bones,0
example_005,organ-location-brain,organ-location,Fact: The bony structure that encases the organ responsible for thinking and memory is the,18,jacobian_lens,5, structure, structure,0
example_005,organ-location-brain,organ-location,Fact: The bony structure that encases the organ responsible for thinking and memory is the,18,jacobian_lens,6, that, protects,0
example_005,organ-location-brain,organ-location,Fact: The bony structure that encases the organ responsible for thinking and memory is the,18,jacobian_lens,7, enc, surrounds,1
example_005,organ-location-brain,organ-location,Fact: The bony structure that encases the organ responsible for thinking and memory is the,18,jacobian_lens,8,ases, fibers,0
example_005,organ-location-brain,organ-location,Fact: The bony structure that encases the organ responsible for thinking and memory is the,18,jacobian_lens,9, the, bones,0
example_005,organ-location-brain,organ-location,Fact: The bony structure that encases the organ responsible for thinking and memory is the,18,jacobian_lens,10, organ, organs,0
example_005,organ-location-brain,organ-location,Fact: The bony structure that encases the organ responsible for thinking and memory is the,18,jacobian_lens,11, responsible, for,0
example_005,organ-location-brain,organ-location,Fact: The bony structure that encases the organ responsible for thinking and memory is the,18,jacobian_lens,12, for, digestion,0
example_005,organ-location-brain,organ-location,Fact: The bony structure that encases the organ responsible for thinking and memory is the,18,jacobian_lens,13, thinking, brain,0
example_005,organ-location-brain,organ-location,Fact: The bony structure that encases the organ responsible for thinking and memory is the,18,jacobian_lens,14, and, consciousness,0
example_005,organ-location-brain,organ-location,Fact: The bony structure that encases the organ responsible for thinking and memory is the,18,jacobian_lens,15, memory, memory,0
example_005,organ-location-brain,organ-location,Fact: The bony structure that encases the organ responsible for thinking and memory is the,18,jacobian_lens,16, is, called,0
example_005,organ-location-brain,organ-location,Fact: The bony structure that encases the organ responsible for thinking and memory is the,18,jacobian_lens,17, the, brain,0
example_005,organ-location-brain,organ-location,Fact: The bony structure that encases the organ responsible for thinking and memory is the,19,jacobian_lens,0,Fact,oring,3
example_005,organ-location-brain,organ-location,Fact: The bony structure that encases the organ responsible for thinking and memory is the,19,jacobian_lens,1,:, Humans,0
example_005,organ-location-brain,organ-location,Fact: The bony structure that encases the organ responsible for thinking and memory is the,19,jacobian_lens,2, The, Pentagon,0
example_005,organ-location-brain,organ-location,Fact: The bony structure that encases the organ responsible for thinking and memory is the,19,jacobian_lens,3, b,bs,3
example_005,organ-location-brain,organ-location,Fact: The bony structure that encases the organ responsible for thinking and memory is the,19,jacobian_lens,4,ony, structures,0
example_005,organ-location-brain,organ-location,Fact: The bony structure that encases the organ responsible for thinking and memory is the,19,jacobian_lens,5, structure, structure,0
example_005,organ-location-brain,organ-location,Fact: The bony structure that encases the organ responsible for thinking and memory is the,19,jacobian_lens,6, that, protects,0
example_005,organ-location-brain,organ-location,Fact: The bony structure that encases the organ responsible for thinking and memory is the,19,jacobian_lens,7, enc, surrounds,0
example_005,organ-location-brain,organ-location,Fact: The bony structure that encases the organ responsible for thinking and memory is the,19,jacobian_lens,8,ases, fibers,0
example_005,organ-location-brain,organ-location,Fact: The bony structure that encases the organ responsible for thinking and memory is the,19,jacobian_lens,9, the, bones,0
example_005,organ-location-brain,organ-location,Fact: The bony structure that encases the organ responsible for thinking and memory is the,19,jacobian_lens,10, organ, tissues,0
example_005,organ-location-brain,organ-location,Fact: The bony structure that encases the organ responsible for thinking and memory is the,19,jacobian_lens,11, responsible, for,0
example_005,organ-location-brain,organ-location,Fact: The bony structure that encases the organ responsible for thinking and memory is the,19,jacobian_lens,12, for, digestion,0
example_005,organ-location-brain,organ-location,Fact: The bony structure that encases the organ responsible for thinking and memory is the,19,jacobian_lens,13, thinking, brain,0
example_005,organ-location-brain,organ-location,Fact: The bony structure that encases the organ responsible for thinking and memory is the,19,jacobian_lens,14, and, memory,0
example_005,organ-location-brain,organ-location,Fact: The bony structure that encases the organ responsible for thinking and memory is the,19,jacobian_lens,15, memory, storage,0
example_005,organ-location-brain,organ-location,Fact: The bony structure that encases the organ responsible for thinking and memory is the,19,jacobian_lens,16, is, called,0
example_005,organ-location-brain,organ-location,Fact: The bony structure that encases the organ responsible for thinking and memory is the,19,jacobian_lens,17, the, brain,0
example_005,organ-location-brain,organ-location,Fact: The bony structure that encases the organ responsible for thinking and memory is the,20,jacobian_lens,0,Fact,oring,0
example_005,organ-location-brain,organ-location,Fact: The bony structure that encases the organ responsible for thinking and memory is the,20,jacobian_lens,1,:, Humans,0
example_005,organ-location-brain,organ-location,Fact: The bony structure that encases the organ responsible for thinking and memory is the,20,jacobian_lens,2, The, World,0
example_005,organ-location-brain,organ-location,Fact: The bony structure that encases the organ responsible for thinking and memory is the,20,jacobian_lens,3, b,oring,0
example_005,organ-location-brain,organ-location,Fact: The bony structure that encases the organ responsible for thinking and memory is the,20,jacobian_lens,4,ony, structures,0
example_005,organ-location-brain,organ-location,Fact: The bony structure that encases the organ responsible for thinking and memory is the,20,jacobian_lens,5, structure, formed,0
example_005,organ-location-brain,organ-location,Fact: The bony structure that encases the organ responsible for thinking and memory is the,20,jacobian_lens,6, that, protects,0
example_005,organ-location-brain,organ-location,Fact: The bony structure that encases the organ responsible for thinking and memory is the,20,jacobian_lens,7, enc,loses,0
example_005,organ-location-brain,organ-location,Fact: The bony structure that encases the organ responsible for thinking and memory is the,20,jacobian_lens,8,ases, organs,0
example_005,organ-location-brain,organ-location,Fact: The bony structure that encases the organ responsible for thinking and memory is the,20,jacobian_lens,9, the, bones,0
example_005,organ-location-brain,organ-location,Fact: The bony structure that encases the organ responsible for thinking and memory is the,20,jacobian_lens,10, organ, tissues,0
example_005,organ-location-brain,organ-location,Fact: The bony structure that encases the organ responsible for thinking and memory is the,20,jacobian_lens,11, responsible, for,0
example_005,organ-location-brain,organ-location,Fact: The bony structure that encases the organ responsible for thinking and memory is the,20,jacobian_lens,12, for, producing,0
example_005,organ-location-brain,organ-location,Fact: The bony structure that encases the organ responsible for thinking and memory is the,20,jacobian_lens,13, thinking, brain,0
example_005,organ-location-brain,organ-location,Fact: The bony structure that encases the organ responsible for thinking and memory is the,20,jacobian_lens,14, and, memory,1
example_005,organ-location-brain,organ-location,Fact: The bony structure that encases the organ responsible for thinking and memory is the,20,jacobian_lens,15, memory, storage,0
example_005,organ-location-brain,organ-location,Fact: The bony structure that encases the organ responsible for thinking and memory is the,20,jacobian_lens,16, is, called,0
example_005,organ-location-brain,organ-location,Fact: The bony structure that encases the organ responsible for thinking and memory is the,20,jacobian_lens,17, the, brain,0
example_005,organ-location-brain,organ-location,Fact: The bony structure that encases the organ responsible for thinking and memory is the,21,jacobian_lens,0,Fact,oring,1
example_005,organ-location-brain,organ-location,Fact: The bony structure that encases the organ responsible for thinking and memory is the,21,jacobian_lens,1,:, Humans,0
example_005,organ-location-brain,organ-location,Fact: The bony structure that encases the organ responsible for thinking and memory is the,21,jacobian_lens,2, The, average,0
example_005,organ-location-brain,organ-location,Fact: The bony structure that encases the organ responsible for thinking and memory is the,21,jacobian_lens,3, b,ulk,0
example_005,organ-location-brain,organ-location,Fact: The bony structure that encases the organ responsible for thinking and memory is the,21,jacobian_lens,4,ony, structure,0
example_005,organ-location-brain,organ-location,Fact: The bony structure that encases the organ responsible for thinking and memory is the,21,jacobian_lens,5, structure, of,0
example_005,organ-location-brain,organ-location,Fact: The bony structure that encases the organ responsible for thinking and memory is the,21,jacobian_lens,6, that, protects,0
example_005,organ-location-brain,organ-location,Fact: The bony structure that encases the organ responsible for thinking and memory is the,21,jacobian_lens,7, enc,loses,0
example_005,organ-location-brain,organ-location,Fact: The bony structure that encases the organ responsible for thinking and memory is the,21,jacobian_lens,8,ases, the,0
example_005,organ-location-brain,organ-location,Fact: The bony structure that encases the organ responsible for thinking and memory is the,21,jacobian_lens,9, the, spinal,0
example_005,organ-location-brain,organ-location,Fact: The bony structure that encases the organ responsible for thinking and memory is the,21,jacobian_lens,10, organ, tissues,0
example_005,organ-location-brain,organ-location,Fact: The bony structure that encases the organ responsible for thinking and memory is the,21,jacobian_lens,11, responsible, for,0
example_005,organ-location-brain,organ-location,Fact: The bony structure that encases the organ responsible for thinking and memory is the,21,jacobian_lens,12, for, producing,0
example_005,organ-location-brain,organ-location,Fact: The bony structure that encases the organ responsible for thinking and memory is the,21,jacobian_lens,13, thinking, is,0
example_005,organ-location-brain,organ-location,Fact: The bony structure that encases the organ responsible for thinking and memory is the,21,jacobian_lens,14, and, memory,0
example_005,organ-location-brain,organ-location,Fact: The bony structure that encases the organ responsible for thinking and memory is the,21,jacobian_lens,15, memory, storage,0
example_005,organ-location-brain,organ-location,Fact: The bony structure that encases the organ responsible for thinking and memory is the,21,jacobian_lens,16, is, called,0
example_005,organ-location-brain,organ-location,Fact: The bony structure that encases the organ responsible for thinking and memory is the,21,jacobian_lens,17, the, brain,0
example_005,organ-location-brain,organ-location,Fact: The bony structure that encases the organ responsible for thinking and memory is the,22,jacobian_lens,0,Fact,oring,0
example_005,organ-location-brain,organ-location,Fact: The bony structure that encases the organ responsible for thinking and memory is the,22,jacobian_lens,1,:, The,0
example_005,organ-location-brain,organ-location,Fact: The bony structure that encases the organ responsible for thinking and memory is the,22,jacobian_lens,2, The, United,0
example_005,organ-location-brain,organ-location,Fact: The bony structure that encases the organ responsible for thinking and memory is the,22,jacobian_lens,3, b,ulk,0
example_005,organ-location-brain,organ-location,Fact: The bony structure that encases the organ responsible for thinking and memory is the,22,jacobian_lens,4,ony, structure,0
example_005,organ-location-brain,organ-location,Fact: The bony structure that encases the organ responsible for thinking and memory is the,22,jacobian_lens,5, structure, of,0
example_005,organ-location-brain,organ-location,Fact: The bony structure that encases the organ responsible for thinking and memory is the,22,jacobian_lens,6, that, protects,0
example_005,organ-location-brain,organ-location,Fact: The bony structure that encases the organ responsible for thinking and memory is the,22,jacobian_lens,7, enc,loses,0
example_005,organ-location-brain,organ-location,Fact: The bony structure that encases the organ responsible for thinking and memory is the,22,jacobian_lens,8,ases, the,0
example_005,organ-location-brain,organ-location,Fact: The bony structure that encases the organ responsible for thinking and memory is the,22,jacobian_lens,9, the, bone,0
example_005,organ-location-brain,organ-location,Fact: The bony structure that encases the organ responsible for thinking and memory is the,22,jacobian_lens,10, organ, is,0
example_005,organ-location-brain,organ-location,Fact: The bony structure that encases the organ responsible for thinking and memory is the,22,jacobian_lens,11, responsible, for,0
example_005,organ-location-brain,organ-location,Fact: The bony structure that encases the organ responsible for thinking and memory is the,22,jacobian_lens,12, for, producing,0
example_005,organ-location-brain,organ-location,Fact: The bony structure that encases the organ responsible for thinking and memory is the,22,jacobian_lens,13, thinking, is,1
example_005,organ-location-brain,organ-location,Fact: The bony structure that encases the organ responsible for thinking and memory is the,22,jacobian_lens,14, and, feeling,0
example_005,organ-location-brain,organ-location,Fact: The bony structure that encases the organ responsible for thinking and memory is the,22,jacobian_lens,15, memory, processing,0
example_005,organ-location-brain,organ-location,Fact: The bony structure that encases the organ responsible for thinking and memory is the,22,jacobian_lens,16, is, called,0
example_005,organ-location-brain,organ-location,Fact: The bony structure that encases the organ responsible for thinking and memory is the,22,jacobian_lens,17, the, brain,0
example_005,organ-location-brain,organ-location,Fact: The bony structure that encases the organ responsible for thinking and memory is the,23,model_output,0,Fact,oring,1
example_005,organ-location-brain,organ-location,Fact: The bony structure that encases the organ responsible for thinking and memory is the,23,model_output,1,:, The,0
example_005,organ-location-brain,organ-location,Fact: The bony structure that encases the organ responsible for thinking and memory is the,23,model_output,2, The, number,0
example_005,organ-location-brain,organ-location,Fact: The bony structure that encases the organ responsible for thinking and memory is the,23,model_output,3, b,ary,0
example_005,organ-location-brain,organ-location,Fact: The bony structure that encases the organ responsible for thinking and memory is the,23,model_output,4,ony, structure,0
example_005,organ-location-brain,organ-location,Fact: The bony structure that encases the organ responsible for thinking and memory is the,23,model_output,5, structure, of,0
example_005,organ-location-brain,organ-location,Fact: The bony structure that encases the organ responsible for thinking and memory is the,23,model_output,6, that, is,0
example_005,organ-location-brain,organ-location,Fact: The bony structure that encases the organ responsible for thinking and memory is the,23,model_output,7, enc,loses,0
example_005,organ-location-brain,organ-location,Fact: The bony structure that encases the organ responsible for thinking and memory is the,23,model_output,8,ases, the,0
example_005,organ-location-brain,organ-location,Fact: The bony structure that encases the organ responsible for thinking and memory is the,23,model_output,9, the, heart,0
example_005,organ-location-brain,organ-location,Fact: The bony structure that encases the organ responsible for thinking and memory is the,23,model_output,10, organ, is,0
example_005,organ-location-brain,organ-location,Fact: The bony structure that encases the organ responsible for thinking and memory is the,23,model_output,11, responsible, for,0
example_005,organ-location-brain,organ-location,Fact: The bony structure that encases the organ responsible for thinking and memory is the,23,model_output,12, for, the,0
example_005,organ-location-brain,organ-location,Fact: The bony structure that encases the organ responsible for thinking and memory is the,23,model_output,13, thinking, and,0
example_005,organ-location-brain,organ-location,Fact: The bony structure that encases the organ responsible for thinking and memory is the,23,model_output,14, and, memory,0
example_005,organ-location-brain,organ-location,Fact: The bony structure that encases the organ responsible for thinking and memory is the,23,model_output,15, memory, is,0
example_005,organ-location-brain,organ-location,Fact: The bony structure that encases the organ responsible for thinking and memory is the,23,model_output,16, is, called,0
example_005,organ-location-brain,organ-location,Fact: The bony structure that encases the organ responsible for thinking and memory is the,23,model_output,17, the, brain,0
